"","X","player_id","name","club","league","height_cm","weight_kg","position","foot","country","age","PD_Info","Goals","Assists","Non.Penalty.Goals","Penalty.Kicks.Made","Penalty.Kicks.Attempted","Yellow.Cards","Red.Cards","xG","Non.Penalty.xG","xG.Assisted","npxG...xA","Shots.Total","Shots.on.target","Shots.on.target..","Goals.Shot","Goals.Shot.on.target","Average.Shot.Distance","Shots.from.free.kicks","npxG.Sh","Goals...xG","Non.Penalty.Goals...npxG","Passes.Completed","Passes.Attempted","Pass.Completion..","Total.Passing.Distance","Progressive.Passing.Distance","Passes.Completed..Short.","Passes.Attempted..Short.","Pass.Completion....Short.","Passes.Completed..Medium.","Passes.Attempted..Medium.","Pass.Completion....Medium.","Passes.Completed..Long.","Passes.Attempted..Long.","Pass.Completion....Long.","Key.Passes","Passes.into.Final.Third","Passes.into.Penalty.Area","Crosses.into.Penalty.Area","Progressive.Passes","Live.ball.passes","Dead.ball.passes","Passes.from.Free.Kicks","Through.Balls","Passes.Under.Pressure","Switches","Crosses","Corner.Kicks","Inswinging.Corner.Kicks","Outswinging.Corner.Kicks","Straight.Corner.Kicks","Ground.passes","Low.Passes","High.Passes","Passes.Attempted..Left.","Passes.Attempted..Right.","Passes.Attempted..Head.","Throw.Ins.taken","Passes.Attempted..Other.","Passes.Offside","Passes.Out.of.Bounds","Passes.Intercepted","Passes.Blocked","Shot.Creating.Actions","SCA..PassLive.","SCA..PassDead.","SCA..Drib.","SCA..Sh.","SCA..Fld.","SCA..Def.","Goal.Creating.Actions","GCA..PassLive.","GCA..PassDead.","GCA..Drib.","GCA..Sh.","GCA..Fld.","GCA..Def.","Tackles","Tackles.Won","Tackles..Def.3rd.","Tackles..Mid.3rd.","Tackles..Att.3rd.","Dribblers.Tackled","Dribbles.Contested","X..of.dribblers.tackled","Dribbled.Past","Pressures","Successful.Pressures","Successful.Pressure..","Pressures..Def.3rd.","Pressures..Mid.3rd.","Pressures..Att.3rd.","Blocks","Shots.Blocked","Shots.Saved","Interceptions","Tkl.Int","Clearances","Errors","Touches","Touches..Def.Pen.","Touches..Def.3rd.","Touches..Mid.3rd.","Touches..Att.3rd.","Touches..Att.Pen.","Touches..Live.Ball.","Dribbles.Completed","Dribbles.Attempted","Successful.Dribble..","Players.Dribbled.Past","Nutmegs","Carries","Total.Carrying.Distance","Progressive.Carrying.Distance","Progressive.Carries","Carries.into.Final.Third","Carries.into.Penalty.Area","Miscontrols","Dispossessed","Pass.Targets","Passes.Received","Passes.Received..","Progressive.Passes.Rec","Second.Yellow.Card","Fouls.Committed","Fouls.Drawn","Offsides","Penalty.Kicks.Won","Penalty.Kicks.Conceded","Own.Goals","Ball.Recoveries","Aerials.won","Aerials.lost","X..of.Aerials.Won","k_cluster"
"1",0,"2b09d998","Tyler Adams","Leeds United","Premier League",180,69,"Midfielder","Right","United States",23.67,"Tyler Adams - 23.67 - Leeds United",0,0.04,0,0,0,0.35,0,0.01,0.01,0.06,0.06,0.17,0.04,25,0,0,26.3,0,0.04,-0.01,-0.01,52.39,60.91,86,870.69,217.05,25.94,28.88,89.8,20.79,23.65,87.9,4.58,6.27,73.1,0.73,4.32,0.56,0,4.37,58.23,2.68,2.07,0.04,8.39,0.52,0.13,0,0,0,0,47.29,5.1,8.52,9.12,46.69,3.29,0.56,0.04,0.13,0.82,1.3,2.03,1.47,1.38,0,0.09,0,0,0,0.13,0.13,0,0,0,0,0,2.64,1.47,0.95,1.38,0.3,1.12,2.29,49.1,1.17,21.66,7.26,33.5,6.01,12.62,3.03,2.38,0.35,0,1.34,3.98,1.17,0.04,71.5,2.16,15.65,47.85,12.75,0.56,69.03,0.65,1.04,62.5,0.65,0,45.48,210.82,105.48,4.67,1.43,0.17,0.95,0.78,51.18,47.55,92.9,1.12,0,1.86,1.12,0,0,0,0,11.97,1.25,1.04,54.7,2
"2",4,"3b8674e6","Rodrigo Bentancur","Tottenham","Premier League",185,73,"Midfielder","Right","Uruguay",25.32,"Rodrigo Bentancur - 25.32 - Tottenham",0.03,0.15,0.03,0,0,0.26,0,0.04,0.04,0.08,0.12,0.7,0.13,18.5,0.04,0.2,19.9,0,0.06,-0.02,-0.02,55.18,62.37,88.5,1035.48,231.04,22.02,23.79,92.5,25.47,27.89,91.3,6.67,8.42,79.2,0.75,5.07,0.52,0.1,4.89,61.18,1.18,1,0.08,8.47,1.26,0.59,0,0,0,0,52.56,4.3,5.51,11.38,47.64,2.09,0.1,0.03,0.03,0.39,1.39,1.13,2.32,2.09,0,0,0.08,0.03,0.13,0.33,0.26,0,0,0.03,0,0.05,2.5,1.31,1,1.06,0.44,0.62,1.8,34.3,1.18,21.19,5.74,27.1,6.85,10.87,3.48,1.83,0.7,0,1.83,4.33,1.52,0,72.95,3.5,17.67,46.2,13.75,1.11,71.87,0.7,1.11,62.8,0.75,0.05,51.63,233.82,110.45,4.17,1.26,0.18,0.72,1.18,55.98,53.25,95.1,2.06,0,1.93,0.85,0,0,0,0,9.32,1.62,0.82,66.3,2
"3",5,"6c203af0","Yves Bissouma","Tottenham","Premier League",181,72,"Midfielder","Right","Mali",26.14,"Yves Bissouma - 26.14 - Tottenham",0.04,0.04,0.04,0,0,0.53,0,0.04,0.04,0.03,0.07,0.88,0.22,25,0.05,0.2,24,0,0.04,0.01,0.01,47.65,52.52,90.7,877.47,166.59,20.95,22.49,93.2,20.25,21.66,93.5,5.96,7.15,83.4,0.44,3.33,0.39,0,2.32,51.73,0.79,0.75,0,6.44,1.1,0.18,0,0,0,0,44.72,3.9,3.9,5.79,44.15,1.53,0,0.48,0.09,0.35,1.53,1.62,1.1,0.75,0,0.09,0.09,0,0.18,0.09,0.04,0,0,0,0,0.04,2.76,1.84,1.18,1.53,0.04,0.66,1.58,41.7,0.92,17.1,5.66,33.1,7.15,8.2,1.75,2.06,0.44,0,2.37,5.13,2.24,0,65.1,4.38,18.37,40.11,11.57,0.53,64.44,1.01,1.53,65.7,1.01,0.04,44.19,240.98,111.96,4.03,1.53,0.09,1.05,1.32,45.55,43.62,95.8,0.53,0,1.53,1.1,0,0,0.04,0,10.7,0.88,0.61,58.8,2
"4",7,"4d224fe8","Casemiro","Manchester Utd","Premier League",184,79,"Midfielder","Right","Brazil",30.65,"Casemiro - 30.65 - Manchester Utd",0.03,0.08,0.03,0,0,0.35,0,0.08,0.08,0.09,0.17,1.35,0.3,22,0.02,0.09,22.6,0.03,0.06,-0.05,-0.05,57.08,66.29,86.1,1132.89,316.45,22.9,25.68,89.2,23.09,26.35,87.6,9.8,12.11,80.9,0.89,5.73,0.62,0.03,4.87,64.62,1.67,1.48,0.11,10.15,2.66,0.3,0,0,0,0,47.56,7.16,11.57,7.29,52.75,3.15,0.11,0.46,0.16,0.59,1.48,1.8,2.31,2.07,0,0,0.05,0.13,0.05,0.38,0.24,0,0,0.03,0.05,0.05,3.31,2.18,1.99,1.16,0.16,1.08,2.83,38.1,1.75,15.93,6.08,38.2,8.02,6.46,1.45,2.5,0.7,0,2.1,5.41,3.01,0.08,80.58,5.97,25.78,44.97,13.16,1.43,79.05,0.57,0.92,61.8,0.62,0.13,46.96,178.74,97.37,2.85,0.81,0.05,0.89,0.89,57.57,54.74,95.1,1.37,0,2.31,1.67,0.08,0.03,0,0,11.73,3.96,1.83,68.4,2
"5",16,"ce4f40c7","Cheick Doucouré","Crystal Palace","Premier League",180,73,"Midfielder","Right","Mali",22.77,"Cheick Doucouré - 22.77 - Crystal Palace",0.03,0.15,0.03,0,0,0.29,0,0.04,0.04,0.1,0.14,0.97,0.29,30.3,0.03,0.1,23.5,0,0.04,-0.01,-0.01,50.27,57.35,87.7,947.57,237.76,20.79,23.08,90.1,22.61,24.96,90.6,6.2,7.78,79.6,1.15,5.49,0.68,0,6.11,56.47,0.88,0.82,0.26,8.96,1.38,0.09,0,0,0,0,46.48,5.23,5.64,3,51.5,1.94,0,0.26,0.09,0.5,1.94,0.82,2.44,2.11,0,0.03,0.09,0.06,0.15,0.23,0.18,0,0,0.06,0,0,2.85,2.2,1.5,1.03,0.32,0.79,2.11,37.5,1.32,14.51,5.17,35.6,5.87,7.28,1.35,1.15,0.32,0.03,2.41,5.26,0.94,0,67.16,2.44,15.77,45.37,10.81,0.53,66.48,0.68,1.09,62.2,0.76,0,43.84,244.66,132.93,6.2,1.73,0.09,0.73,0.73,49.83,47.72,95.8,1.62,0,1.38,0.85,0,0,0,0,9.69,0.7,0.7,50,2
"6",18,"47a34c4f","Mohamed Elneny","Arsenal","Premier League",180,77,"Midfielder","Right","Egypt",30.27,"Mohamed Elneny - 30.27 - Arsenal",0,0.21,0,0,0,0.11,0,0.02,0.02,0.06,0.07,0.85,0.21,25,0,0,25.7,0,0.02,-0.02,-0.02,59.33,63.24,93.8,1060.22,220.93,25.91,27.39,94.6,26.44,27.07,97.7,6.03,6.77,89.1,0.95,5.61,0.32,0,2.75,61.55,1.69,1.59,0.11,6.56,0.53,0,0,0,0,0,52.98,4.76,5.5,3.07,57.11,2.22,0,0,0,0.11,1.27,0.85,1.37,1.37,0,0,0,0,0,0.21,0.21,0,0,0,0,0,1.8,1.06,1.06,0.63,0.11,0.32,0.74,42.9,0.42,11.1,4.12,37.1,4.44,5.61,1.06,0.95,0.11,0,1.9,3.7,1.27,0,70.75,4.12,18.08,44.84,12.37,0.42,69.17,0,0,NA,0,0,48.75,207.07,87.88,2.75,0.32,0.11,0.53,0.21,54.36,52.35,96.3,0.42,0,0.63,0.74,0,0,0,0,10.36,1.16,1.16,50,2
"7",21,"7f3b388c","Fabinho","Liverpool","Premier League",188,78,"Midfielder","Right","Brazil",28.99,"Fabinho - 28.99 - Liverpool",0.13,0,0.08,0.05,0.05,0.21,0,0.08,0.04,0.06,0.1,0.55,0.21,38.1,0.14,0.38,18.1,0.03,0.08,0.05,0.04,55.21,62.37,88.5,1004.57,224.41,22.76,24.78,91.8,26.31,28.87,91.1,5.37,7.01,76.7,0.61,5.61,0.63,0.03,4.45,60.82,1.55,1.42,0.08,8.88,0.84,0.18,0,0,0,0,48.04,5.72,8.61,4.79,53.02,3,0.11,0.21,0.13,0.74,0.87,1.55,1.98,1.66,0,0,0.08,0.16,0.08,0.13,0.11,0,0,0.03,0,0,2.48,1.58,0.61,1.45,0.42,0.79,2.32,34.1,1.53,15.72,5.64,35.8,4.53,8.98,2.21,1.84,0.29,0,2.08,4.56,1.16,0,72.51,2.11,14.86,47.99,12.93,0.68,71.04,0.24,0.4,60,0.29,0,45.78,178.31,86.58,4.27,1.13,0.03,0.74,0.66,52.05,49.81,95.7,1.37,0,1.82,1.48,0,0,0,0,12.3,1.69,1.37,55.2,2
"8",23,"b853e0ad","Fred","Manchester Utd","Premier League",169,63,"Midfielder","Left","Brazil",29.62,"Fred - 29.62 - Manchester Utd",0.15,0.15,0.15,0,0,0.23,0,0.13,0.13,0.1,0.23,1.32,0.53,40,0.11,0.29,19.1,0,0.1,0.02,0.02,48.59,57.18,85,893.11,219.94,22.1,25.07,88.1,19.08,21.3,89.6,6.7,8.32,80.5,1.36,4.89,0.68,0.08,4.37,55.82,1.36,1.13,0.19,9.41,1.81,0.23,0,0,0,0,45.43,5.91,5.83,37.08,17.5,1.66,0.23,0.23,0.19,0.75,1.77,1.77,2.97,2.33,0.04,0.08,0.23,0.19,0.11,0.38,0.26,0,0,0.04,0.04,0.04,2.86,1.58,1.2,1.2,0.45,0.75,2.63,28.6,1.88,23.6,6.17,26.2,8.7,11.71,3.2,2.33,0.56,0,2.11,4.97,0.98,0,70.73,2.86,16.49,40.28,17.13,1.43,69.64,0.75,1.47,51.3,0.83,0.11,46.71,175.56,83.64,3.31,0.87,0.11,1.36,1.54,54.02,48.29,89.4,2.6,0,1.77,1.81,0,0.04,0,0,11.25,0.56,0.83,40.5,2
"9",26,"72c812f3","Idrissa Gana Gueye","Everton","Premier League",174,63,"Midfielder","Right","Senegal",33.07,"Idrissa Gana Gueye - 33.07 - Everton",0,0.05,0,0,0,0.34,0,0.06,0.06,0.05,0.11,0.83,0.19,23.5,0,0,22.7,0,0.07,-0.06,-0.06,60.6,66.15,91.6,1035.56,239.58,28.43,30.47,93.3,25.02,26.67,93.8,5.6,6.47,86.5,0.49,4.92,0.29,0.05,3.5,64.79,1.36,1.07,0.15,9.1,0.83,0.24,0.05,0,0,0,56.61,4.92,4.62,5.99,57.44,1.51,0.24,0.24,0.24,0.39,0.73,1.36,1.56,1.22,0.05,0.05,0.05,0.15,0.05,0.1,0.1,0,0,0,0,0,2.68,2,1.41,0.58,0.68,0.63,1.85,34.2,1.22,23.9,6.81,28.5,8.57,10.95,4.38,1.56,0.19,0,2.29,4.96,0.97,0,75.59,2.87,18.74,46.24,14.7,0.73,74.42,0.73,1.02,71.4,0.88,0.05,52.96,248.83,106.94,4.14,1.12,0.05,0.63,0.97,59.14,55.59,94,2.09,0,2.29,1.22,0.05,0,0,0,9.78,0.97,0.88,52.6,2
"10",27,"df10e27c","Billy Gilmour","Brighton","Premier League",170,59,"Midfielder","Right","Scotland",21.35,"Billy Gilmour - 21.35 - Brighton",0,0.06,0,0,0,0.12,0,0.05,0.05,0.1,0.16,1.01,0.18,17.6,0,0,22.4,0.12,0.05,-0.05,-0.05,46.61,59.19,78.8,998.88,263.32,16.63,18.72,88.9,18.95,21.64,87.6,10.07,16.69,60.4,1.31,4.41,0.83,0.06,4.77,52.27,6.91,2.09,0.06,6.74,4.77,1.01,3.34,1.31,1.97,0,40.41,4.41,14.36,3.81,52.09,2.38,0.48,0,0.12,0.77,2.56,0.89,2.5,1.07,1.19,0.06,0.12,0,0.06,0.06,0,0.06,0,0,0,0,2.15,0.77,0.66,1.19,0.3,0.66,1.91,34.4,1.25,24.79,4.71,19,9.36,12.4,3.04,1.19,0.3,0,1.55,3.7,1.25,0,69.14,2.03,17.17,38.44,18.06,0.54,62.34,0.72,1.25,57.1,1.01,0.12,39.28,221.84,95.72,4.05,1.61,0,0.89,0.48,50.3,45.89,91.2,1.13,0,2.32,1.07,0.06,0,0.06,0,9.12,0.48,1.61,22.9,2
"11",29,"82518f62","Bruno Guimarães","Newcastle Utd","Premier League",182,77,"Midfielder","Right","Brazil",24.93,"Bruno Guimarães - 24.93 - Newcastle Utd",0.23,0.17,0.23,0,0,0.2,0,0.14,0.14,0.19,0.33,1.2,0.5,41.7,0.19,0.47,18.5,0.03,0.12,0.09,0.09,51.31,59.31,86.5,984.94,233.18,21.53,23.42,91.9,20.96,23.09,90.8,7.7,10.23,75.2,1.53,5.46,1.77,0.17,5.83,56.68,2.63,2.03,0.33,12.06,2.17,0.6,0.37,0.23,0.07,0,47.15,4.57,7.6,3.23,53.91,1.1,0.17,0.33,0.17,0.6,1.63,1.5,3.1,2.53,0.13,0.03,0.07,0.2,0.13,0.4,0.27,0,0,0.03,0.03,0.07,4.07,3.07,1.63,2.03,0.4,1.07,2.53,42.1,1.47,24.32,7.7,31.6,8.16,12.3,3.87,1.87,0.37,0.03,1.67,5.73,0.9,0,74.64,2.17,16.49,45.52,19.36,1.57,72.57,1.27,2.13,59.4,1.3,0.07,55.51,308.82,147.05,6.33,2.1,0.23,1.37,2.3,58.41,53.71,92,1.73,0,1.8,3.97,0.17,0.03,0,0,9.16,0.67,0.83,44.4,2
"12",32,"8b04d6c1","Pierre Højbjerg","Tottenham","Premier League",185,81,"Midfielder","Right","Denmark",27.21,"Pierre Højbjerg - 27.21 - Tottenham",0.09,0.09,0.09,0,0,0.12,0,0.05,0.05,0.09,0.14,0.88,0.28,32.4,0.11,0.33,21.4,0,0.06,0.04,0.04,62.14,69.21,89.8,1224.99,313,23.87,25.69,92.9,28.24,30.73,91.9,9.06,11.31,80.1,0.97,6.62,1.06,0.14,5.98,66.94,2.27,1.8,0.26,7.81,2.55,0.52,0,0,0,0,56.58,4.73,7.9,9.3,56.72,2.01,0.21,0.33,0.21,0.78,1.68,1.54,2.46,2.08,0.07,0.14,0.02,0.05,0.09,0.24,0.24,0,0,0,0,0,1.92,1.06,0.85,0.85,0.21,0.69,1.89,36.3,1.21,16.42,4.28,26.1,6.36,7.81,2.25,2.13,0.59,0,1.96,3.88,1.42,0,79.05,3.45,21.95,48.77,12.75,0.95,77.11,0.99,1.3,76.4,1.02,0.02,56.41,244.36,119.99,3.86,0.9,0.21,0.76,0.97,61.5,58.78,95.6,1.56,0,1.35,1.4,0,0,0,0,9.89,0.8,0.47,63,2
"13",54,"1598599e","Nampalys Mendy","Leicester City","Premier League",168,68,"Midfielder","Right","Senegal",30.32,"Nampalys Mendy - 30.32 - Leicester City",0,0,0,0,0,0.26,0,0,0,0,0,0.09,0.09,100,0,0,25.3,0,0.02,0,0,52.91,57.08,92.7,955.63,133.38,22.71,23.65,96,23.9,25.52,93.7,5.27,6.29,83.8,0.09,2.98,0.09,0,1.79,55.89,1.19,1.19,0,9.1,1.19,0,0,0,0,0,49.85,3.15,4.08,4.85,50.61,1.02,0,0.09,0,0.85,0.6,1.02,0.6,0.51,0,0,0,0,0.09,0.26,0.26,0,0,0,0,0,1.36,1.02,0.77,0.51,0.09,0.51,1.36,37.5,0.85,13.53,4.85,35.8,5.53,6.47,1.53,1.36,0.34,0,1.19,2.55,0.77,0.09,64.57,2.13,18.88,44.32,6.12,0,63.97,0.26,0.68,37.5,0.51,0,48.83,237.5,96.72,3.49,0.68,0,0.6,1.19,50.1,48.57,96.9,0.68,0,1.87,1.87,0,0,0,0,9.78,0.51,0.85,37.5,2
"14",57,"f5a00fa4","João Moutinho","Wolves","Premier League",171,60,"Midfielder","Right","Portugal",36.12,"João Moutinho - 36.12 - Wolves",0.06,0.03,0.06,0,0,0.18,0,0.03,0.03,0.06,0.1,0.63,0.21,33.3,0.1,0.29,22.3,0.18,0.05,0.03,0.03,51.12,60.57,84.4,1056.17,225.76,17.67,19.78,89.3,23.45,26.01,90.1,9.12,12.93,70.5,1.1,5.15,0.72,0.12,4.38,55.41,5.15,2.65,0.15,10.1,2.83,1.01,1.88,0.33,1.1,0.09,41.26,6.7,12.6,4.53,52.46,2.62,0.18,0.18,0.09,0.69,1.22,1.37,2.15,1.46,0.54,0.03,0.06,0,0.06,0.12,0.09,0.03,0,0,0,0,2.56,1.73,1.31,0.92,0.33,0.74,3.07,24.3,2.32,17.85,5.36,30.1,6.44,9.59,1.82,1.67,0.3,0,1.37,3.93,0.95,0,69.21,2.41,16.8,40.49,15.37,0.42,63.99,0.48,0.74,64,0.57,0,43.61,193.05,99.86,4.59,1.13,0.09,0.6,0.86,48.17,45.25,93.9,1.13,0,1.52,0.77,0,0,0.03,0,10.99,0.66,0.98,40,2
"15",60,"44bfb6c5","Rúben Neves","Wolves","Premier League",180,79,"Midfielder","Right","Portugal",25.59,"Rúben Neves - 25.59 - Wolves",0.15,0.06,0.12,0.03,0.03,0.34,0,0.06,0.04,0.06,0.1,1.48,0.52,35.4,0.08,0.24,26.8,0.25,0.03,0.09,0.08,53.94,64.43,83.7,1304.2,283.92,12.66,14.32,88.4,27.3,30.18,90.4,13.59,18.63,72.9,0.58,5.81,0.77,0.12,4.24,61.75,2.67,2.43,0.25,9.74,3.72,0.58,0.12,0.06,0.06,0,46.41,5.59,12.42,6.06,55.82,1.57,0.09,0.15,0.31,1.11,1.41,1.35,1.63,1.29,0.03,0.06,0.09,0.06,0.09,0.09,0.09,0,0,0,0,0,2.58,1.6,1.32,0.92,0.34,0.77,3.07,25,2.31,16.66,4.67,28,6.98,8.33,1.35,1.84,0.49,0,1.81,4.4,2.18,0,75.68,4.73,23.64,44.32,11.83,0.4,72.91,0.86,1.26,68.3,0.92,0.09,50.47,216.95,106.14,3.5,1.23,0.06,0.55,0.71,54.07,51.98,96.1,0.74,0,1.05,0.61,0.03,0,0,0,11.1,1.05,0.98,51.5,2
"16",67,"529f49ab","Thomas Partey","Arsenal","Premier League",185,78,"Midfielder","Right","Ghana",29.35,"Thomas Partey - 29.35 - Arsenal",0.12,0.04,0.12,0,0,0.16,0,0.1,0.1,0.04,0.14,1.51,0.36,23.7,0.08,0.33,19.3,0.04,0.07,0.02,0.02,48.19,55.92,86.2,913.71,219.15,20.25,22.27,90.9,20.25,22.87,88.6,6.9,9.35,73.7,0.67,4.76,0.59,0,5.11,55.05,0.87,0.71,0.08,8.28,1.47,0.2,0,0,0,0,42.76,6.1,7.05,4.04,48.55,1.98,0.16,0.24,0.12,0.71,1.62,0.91,2.14,1.74,0,0.16,0.16,0.08,0,0.16,0.12,0,0,0.04,0,0,2.69,2.02,1.19,1.11,0.4,0.75,1.62,46.3,0.87,13.87,5.47,39.4,4.83,7.25,1.78,1.15,0.24,0,1.31,4,1.55,0,66.46,2.89,17.36,40.5,12.44,0.99,65.67,1.27,1.7,74.4,1.31,0.16,45.89,213.92,110.81,4.08,1.15,0.12,0.79,0.95,48.9,46.72,95.5,0.71,0,1.74,0.87,0,0,0,0,11.06,1.27,1.19,51.6,2
"17",71,"1c7012b8","Declan Rice","West Ham","Premier League",185,77,"Midfielder","Right","England",23.76,"Declan Rice - 23.76 - West Ham",0.06,0.06,0.06,0,0.02,0.22,0,0.05,0.03,0.06,0.09,0.8,0.28,35.1,0.08,0.23,22.5,0.04,0.04,0.01,0.03,53.45,59.19,90.3,1079.44,259,20.94,22.62,92.6,23.11,24.58,94,8.78,10.87,80.8,0.78,6.77,0.71,0.17,4.2,58.07,1.12,0.88,0.02,8.37,2.78,0.93,0,0,0,0,47.57,4.33,7.29,8.62,46.96,2.46,0.24,0.04,0.17,0.56,0.88,1.16,1.77,1.51,0.02,0.09,0.09,0.04,0.02,0.19,0.19,0,0,0,0,0,2.48,1.64,1.4,0.99,0.09,0.97,1.94,50,0.97,13.8,4.33,31.4,5.67,6.68,1.44,1.73,0.56,0,2.65,5.13,1.6,0.02,69.86,4.25,20.74,43.17,12.1,1.27,68.72,1.04,1.53,67.6,1.1,0.06,48.34,322.83,160.49,6.12,2.07,0.3,0.73,0.71,50.37,48.3,95.9,0.95,0,0.86,0.43,0,0,0,0,10.41,1.25,0.8,61.1,2
"18",72,"da27e268","Marc Roca","Leeds United","Premier League",184,73,"Midfielder","Left","Spain",25.9,"Marc Roca - 25.9 - Leeds United",0.08,0,0.08,0,0,0.16,0,0.07,0.07,0.06,0.13,1.11,0.32,28.6,0.07,0.25,18.9,0,0.07,0.01,0.01,50.83,61.3,82.9,930.85,314.96,22.28,24.9,89.5,19.98,22.6,88.4,6.82,10.86,62.8,1.11,5.79,0.79,0.08,6.66,59.63,1.67,0.87,0,6.66,2.62,1.03,0.48,0.16,0.32,0,46.63,4.12,10.55,47.74,9.75,2.85,0.32,0.24,0.24,0.56,1.67,1.51,1.51,1.19,0.16,0,0.08,0.08,0,0.16,0.08,0,0,0,0.08,0,2.46,1.67,0.71,1.19,0.56,0.71,2.22,32.1,1.51,20.7,6.9,33.3,4.92,11.5,4.28,1.82,0.32,0,1.74,4.2,0.87,0,71.68,1.82,16.73,42.74,16.41,1.74,70.18,0.79,1.19,66.7,0.87,0,47.26,204.42,113.47,5.31,1.11,0.24,0.63,1.11,52.57,50.04,95.2,1.51,0,2.62,1.11,0,0,0,0,11.58,0.63,1.35,32,2
"19",75,"1b4f1169","Albert Sambi Lokonga","Arsenal","Premier League",183,78,"Midfielder","Right","Belgium",22.99,"Albert Sambi Lokonga - 22.99 - Arsenal",0,0,0,0,0,0.23,0,0.04,0.04,0.08,0.11,1.14,0.46,40,0,0,23.7,0,0.04,-0.04,-0.04,59.34,64.6,91.9,1129.58,226.68,23.57,24.79,95.1,27.08,28.68,94.4,7.78,9.76,79.7,1.37,5.26,1.22,0,4.96,62.24,2.36,2.21,0.15,6.94,1.75,0.08,0,0,0,0,54.69,3.2,6.71,10.98,50.26,1.83,0.15,0.15,0.08,0.69,1.68,0.46,2.75,2.52,0,0,0,0.15,0.08,0,0,0,0,0,0,0,1.22,0.84,0.53,0.46,0.23,0.46,1.07,42.9,0.61,8.01,2.97,37.1,2.06,4.04,1.91,0.61,0.15,0,1.53,2.75,1.3,0.08,72.31,2.44,15.1,46.53,14.8,0.61,70.4,0.31,0.53,57.1,0.31,0,52.09,272.9,131.19,5.72,1.45,0.15,0.38,0.61,57.66,55.37,96,0.99,0,0.92,1.53,0,0,0,0,9.69,1.45,1.45,50,2
"20",78,"6250083a","Oliver Skipp","Tottenham","Premier League",177,66,"Midfielder","Right","England",22.09,"Oliver Skipp - 22.09 - Tottenham",0,0,0,0,0,0.23,0,0.02,0.02,0.1,0.13,0.46,0.12,25,0,0,24.1,0,0.05,-0.02,-0.02,52.73,59.54,88.6,945.12,211.96,22.96,25.04,91.7,23.19,25.5,91,5.88,7.38,79.7,0.81,5.42,0.92,0.12,4.85,58.5,1.04,0.92,0.12,8.42,1.15,0.69,0,0,0,0,49.27,4.27,6,4.38,52.04,1.73,0.12,0.46,0,0.58,1.73,1.04,2.08,1.96,0,0,0,0.12,0,0.23,0.23,0,0,0,0,0,2.08,1.27,0.46,1.38,0.23,0.58,1.62,35.7,1.04,20.19,5.54,27.4,5.88,10.85,3.46,1.5,0.46,0,0.69,2.77,1.27,0,67.85,1.85,12.58,45.23,14.77,1.04,66.92,0.12,0.23,50,0.12,0,47.88,255.69,155.19,7.96,2.88,0.46,0.58,1.27,53.54,50.19,93.8,1.38,0,0.92,1.5,0.12,0,0,0,9.69,1.04,0.69,60,2
"21",81,"56f7a928","Youri Tielemans","Leicester City","Premier League",177,72,"Midfielder","Right","Belgium",25.45,"Youri Tielemans - 25.45 - Leicester City",0.16,0.12,0.06,0.09,0.09,0.09,0,0.14,0.07,0.15,0.22,1.59,0.47,29.4,0.04,0.13,25.3,0,0.04,0.01,-0.01,52.89,63.71,83,970,271.03,23.02,25.26,91.1,22.59,25.79,87.6,6.22,10.08,61.7,1.4,6.16,1.18,0.34,5.35,61.13,2.58,1.21,0.31,10.27,1.4,0.96,0.65,0.37,0.12,0.03,49.37,5.2,9.15,12.16,48.1,1.9,0.5,0.12,0.19,0.68,2.18,1.34,3.08,2.58,0.03,0.12,0.16,0.06,0.12,0.37,0.34,0,0,0,0,0.03,2.3,1.65,0.81,1.21,0.28,0.93,2.96,31.6,2.02,16.61,5.04,30.3,5.2,8.56,2.86,1.56,0.22,0.03,1.31,3.61,1.21,0.03,74.6,2.55,15.9,42.28,19.54,1.15,72.02,0.65,0.96,67.7,0.68,0,49.68,169.08,96.04,3.86,1.06,0.03,1.15,0.93,58.86,54.82,93.1,2.96,0,1.87,1.46,0,0,0.12,0,9.68,1.34,0.81,62.3,2
"22",88,"82464ce3","Salis Abdul Samed","Lens","Ligue 1",180,NA,"Midfielder","Right","",22.56,"Salis Abdul Samed - 22.56 - Lens",0.07,0,0.07,0,0,0.36,0.1,0.03,0.03,0.05,0.08,0.76,0.2,26.1,0.09,0.33,20.6,0,0.04,0.03,0.03,52.81,58.46,90.3,939.7,176.96,22.92,24.74,92.7,23.35,24.87,93.9,5.61,6.97,80.6,0.56,3.34,0.63,0.07,3.37,57.34,1.12,0.99,0.07,7.43,0.83,0.5,0,0,0,0,49.54,4.72,4.19,4.76,50.47,2.21,0.13,0.26,0.2,0.59,1.19,0.99,1.42,1.16,0,0,0.13,0.1,0.03,0.03,0.03,0,0,0,0,0,1.82,1.06,0.73,0.89,0.2,0.63,1.65,38,1.02,22.29,5.78,25.9,6.57,11.56,4.16,1.09,0.1,0,2.05,3.86,0.63,0,67.87,1.62,17.57,42.77,11.96,0.79,67.01,1.02,1.52,67.4,1.12,0.1,49.28,234.1,104.57,3.27,0.79,0.17,0.96,1.42,55.42,51.32,92.6,1.88,0.07,1.98,1.39,0,0,0,0,9.05,0.73,0.89,44.9,2
"23",92,"ef9c1c95","Benjamin André","Lille","Ligue 1",177,68,"Midfielder","Right","France",32.21,"Benjamin André - 32.21 - Lille",0.05,0.05,0.05,0,0,0.41,0.03,0.05,0.05,0.06,0.12,0.74,0.16,22.2,0.07,0.33,13.5,0,0.08,0,0,47.79,58.46,81.7,843.13,226.17,22.81,25.99,87.8,17.59,20.81,84.6,5.74,8.51,67.4,0.58,4.64,0.49,0.03,4.69,56.79,1.67,1.29,0.14,11.31,2,0.49,0.05,0,0,0,40.62,8.07,9.77,7.85,44.33,2.44,0.27,0.69,0.16,1.04,2.33,1.87,1.65,1.29,0,0.03,0.11,0.08,0.14,0.19,0.14,0,0,0.03,0.03,0,3.71,2.53,1.51,1.87,0.33,1.1,3.21,34.2,2.11,22.18,7.11,32.1,7,12.24,2.94,2.31,0.44,0,2.17,5.87,2.28,0.03,71.28,4.03,18.66,43.28,12.76,1.24,69.85,0.52,0.91,57.6,0.55,0.03,41.14,194.33,94.06,3.51,1.1,0.05,0.8,1.21,50.94,46.11,90.5,2.11,0.03,2.39,1.87,0.08,0.03,0.03,0,11.64,4.03,2.74,59.5,2
"24",96,"3189f61a","Nabil Bentaleb","Angers","Ligue 1",187,78,"Midfielder","Left","Algeria",27.91,"Nabil Bentaleb - 27.91 - Angers",0.12,0,0.12,0,0,0.16,0,0.04,0.04,0.03,0.07,1.01,0.36,36,0.12,0.33,22.7,0.12,0.04,0.08,0.08,47.03,57.3,82.1,904.23,251.72,19.49,22.07,88.3,20.17,23.15,87.1,6.64,10.39,64,0.44,4.31,0.28,0,4.43,54.28,3.02,2.21,0.04,7.81,2.01,0.52,0.77,0.72,0.04,0,43.41,5.92,7.97,46.59,7.41,1.89,0.04,0.24,0.16,1.41,1.69,1.13,1.33,1.09,0.04,0.04,0,0.08,0.08,0.04,0.04,0,0,0,0,0,2.66,1.81,0.97,1.33,0.36,0.77,1.61,47.5,0.85,16.11,5.15,32,4.87,9.34,1.89,1.57,0.44,0,2.05,4.71,0.85,0,67.93,2.17,18.81,41.6,10.91,0.77,65.03,1.21,1.77,68.2,1.29,0.04,44.86,191.68,95.03,3.83,0.97,0.04,1.25,1.21,47.88,46.43,97,1.81,0,1.69,1.33,0,0,0,0,10.43,1.29,0.6,68.1,2
"25",97,"e4114f5d","Patrick Berg","Lens","Ligue 1",180,77,"Midfielder","Right","Norway",24.91,"Patrick Berg - 24.91 - Lens",0,0.13,0,0,0,0.13,0,0.01,0.01,0.08,0.1,0.39,0,0,0,NA,22.7,0,0.04,-0.01,-0.01,48.64,57.49,84.6,931.86,204.19,19.9,21.2,93.9,22.5,26.01,86.5,5.98,9.23,64.8,0.65,3.77,0.39,0,4.03,54.49,2.99,1.69,0,8.58,2.86,0.26,1.3,0.52,0.65,0,45,3.51,8.97,6.37,49.94,0.78,0,0,0,1.17,1.04,0.91,1.43,1.17,0.13,0,0,0,0.13,0.26,0.26,0,0,0,0,0,3.12,1.95,1.3,1.69,0.13,0.91,2.47,36.8,1.56,17.95,5.85,32.6,5.98,10.66,1.3,1.3,0.39,0,2.08,5.2,1.82,0,66.72,3.64,18.73,42.14,9.49,0.26,64.12,0.13,0.39,33.3,0.13,0,43.7,205.88,103.01,4.29,0.65,0,0.65,0.52,47.08,45,95.6,1.95,0,1.04,0.78,0,0,0,0,9.49,0.52,0.39,57.1,2
"26",103,"f81ef10d","Maxence Caqueret","Lyon","Ligue 1",174,63,"Midfielder","Right","France",22.67,"Maxence Caqueret - 22.67 - Lyon",0,0.03,0,0,0,0.17,0,0.03,0.03,0.08,0.11,0.52,0.14,26.7,0,0,22.6,0,0.06,-0.03,-0.03,53.82,62.73,85.8,910.74,255.93,26.62,29.77,89.4,21.11,23.88,88.4,4.89,6.52,75,1.01,5.75,0.87,0.03,5.96,61.76,0.97,0.62,0.14,9.56,1.14,0.52,0.07,0,0,0,52.09,4.85,5.79,8.56,51.19,2.01,0.17,0.31,0.17,0.62,2.36,1.59,2.63,2.15,0,0.28,0.03,0.03,0.14,0.1,0.1,0,0,0,0,0,3.53,2.5,1.14,1.91,0.49,1.32,3.92,33.6,2.6,26.13,8.87,34,7.55,14.45,4.12,1.87,0.28,0,2.11,5.65,0.83,0,74.37,2.53,15.08,48.07,15.39,1.07,73.5,1.42,2.56,55.4,1.56,0.21,50.77,226.85,109.03,4.99,1.56,0.24,1.21,1.35,57.39,53.2,92.7,2.56,0,2.11,1.07,0.03,0,0,0,10.22,0.52,0.73,41.7,2
"27",104,"68a26d51","Pedro Chirivella","Nantes","Ligue 1",178,66,"Midfielder","Right","Spain",25.4,"Pedro Chirivella - 25.4 - Nantes",0.03,0,0.03,0,0,0.15,0,0.04,0.04,0.05,0.08,0.76,0.18,24,0.04,0.17,19.8,0,0.05,-0.01,-0.01,54.54,63.31,86.2,1125.17,272.54,21.83,23.04,94.8,21.74,23.97,90.7,9.8,14.12,69.4,0.94,7.47,0.82,0.06,5.53,60.77,2.54,1.69,0.06,7.83,3.39,0.21,0.09,0.06,0.03,0,47.16,4.47,11.67,6.14,54.81,1.57,0.15,0.18,0.15,1.12,1.51,0.76,1.84,1.72,0,0.06,0.03,0,0.03,0.06,0.06,0,0,0,0,0,1.51,1,0.51,0.67,0.33,0.63,1.9,33.3,1.27,15.63,4.02,25.7,3.9,8.4,3.33,0.79,0.03,0.03,1.48,2.99,0.36,0,69.84,0.6,12.06,48.58,12.7,0.82,67.42,0.36,0.51,70.6,0.36,0.03,46.89,200.44,91,3.57,1,0.03,0.39,0.6,56.32,53.15,94.4,1.6,0,0.85,0.91,0,0,0,0,8.74,0.54,0.54,50,2
"28",106,"ef8ae23b","Mathieu Coutadeur","Ajaccio","Ligue 1",170,68,"Midfielder","Right","France",36.58,"Mathieu Coutadeur - 36.58 - Ajaccio",0,0,0,0,0,0,0,0.02,0.02,0.06,0.08,0.39,0,0,0,NA,27.5,0,0.03,-0.02,-0.02,54.85,65.28,84,1033.45,285.84,25.3,28,90.3,19.31,22.21,87,9.27,13.33,69.6,0.97,5.79,0.97,0.19,5.41,62,3.28,3.28,0,6.57,2.51,0.39,0,0,0,0,45.77,5.21,14.29,6.57,56.2,2.12,0,0,0.19,1.55,2.51,0.97,1.35,1.16,0.19,0,0,0,0,0,0,0,0,0,0,0,2.51,1.55,0.97,1.55,0,1.55,2.51,61.5,0.97,11.01,4.25,38.6,3.67,6.18,1.16,0.97,0,0,1.35,3.86,0.97,0,72.81,1.93,12.75,50.41,13.91,0.19,69.72,0.39,0.77,50,0.58,0.19,45.39,224.23,122.45,5.6,1.35,0.19,0,0.97,52.53,50.02,95.2,1.16,0,0.58,0.58,0,0,0,0,12.94,0.39,1.55,20,2
"29",118,"7155e3e1","Pape Gueye","Marseille","Ligue 1",187,64,"Midfielder","Left","Senegal",23.73,"Pape Gueye - 23.73 - Marseille",0.06,0,0.06,0,0,0.45,0,0.12,0.12,0.04,0.16,1.79,0.39,21.9,0.03,0.14,19.9,0,0.07,-0.07,-0.07,46.06,53.17,86.6,884.83,179.22,19.87,21.66,91.7,19.59,21.77,90,6.32,8.62,73.4,0.5,5.09,0.73,0.06,3.36,51.88,1.29,0.95,0.06,9.07,2.13,0.5,0,0,0,0,42.54,3.19,7.44,43.54,6.6,1.4,0.34,0.22,0.11,0.78,1.29,0.84,1.46,1.12,0,0.06,0.17,0,0.11,0.06,0,0,0,0.06,0,0,2.57,1.62,0.84,1.51,0.22,0.78,1.9,41.2,1.12,16.06,5.65,35.2,4.76,8.79,2.52,1.01,0.17,0,1.85,4.42,1.01,0,65.49,1.29,12.71,43.88,12.99,1.29,64.48,0.45,1.12,40,0.5,0,47.63,236.92,122.07,4.37,1.06,0.11,0.73,1.4,52.72,48.53,92,2.41,0,1.79,3.25,0.11,0,0,0,8.84,1.62,1.06,60.4,2
"30",123,"2b471f99","Mario Lemina","Nice","Ligue 1",183,83,"Midfielder","Right","Gabon",29.13,"Mario Lemina - 29.13 - Nice",0.1,0,0.1,0,0,0.24,0.1,0.08,0.08,0.02,0.1,0.77,0.24,31.3,0.13,0.4,16.7,0,0.1,0.02,0.02,52.5,59.28,88.6,1007.5,248.8,19.04,20.91,91,25.72,27.21,94.5,6.73,9.76,69,0.34,3.75,0.53,0.05,3.46,58.32,0.96,0.72,0.05,6.44,1.25,0.29,0,0,0,0,48.89,4.28,6.11,7.16,49.23,1.49,0.24,0.38,0.14,0.58,1.44,1.25,1.39,1.25,0,0,0,0.1,0.05,0.19,0.14,0,0,0,0.05,0,3.8,2.5,1.44,1.63,0.72,1.01,1.92,52.5,0.91,15.14,5.77,38.1,4.76,8.17,2.21,1.73,0.48,0,1.97,5.77,2.02,0,69.76,3.65,20.1,46.15,7.69,1.15,68.94,1.01,1.35,75,1.01,0,50,276.39,142.69,5.19,1.11,0.1,0.43,0.53,52.16,50.77,97.3,1.25,0.05,1.35,1.11,0,0,0,0,7.79,1.06,0.48,68.8,2
"31",124,"1e52971c","Johann Lepenant","Lyon","Ligue 1",183,68,"Midfielder","Right","France",19.99,"Johann Lepenant - 19.99 - Lyon",0,0,0,0,0,0,0,0.03,0.03,0.04,0.07,1.05,0,0,0,NA,25.6,0,0.03,-0.03,-0.03,60.74,66.78,91,1104.8,190.63,24.66,27.16,90.8,27.55,28.86,95.5,6.43,7.61,84.5,0.52,5.51,0.39,0,3.8,66.12,0.66,0.66,0,8.66,1.57,0,0,0,0,0,57.46,3.67,5.64,2.89,61.66,1.31,0,0.13,0,0.13,1.84,1.05,1.31,1.05,0,0,0.13,0,0.13,0.13,0.13,0,0,0,0,0,3.15,2.23,0.92,1.71,0.52,1.71,3.67,46.4,1.97,19.15,6.69,34.9,4.85,11.15,3.15,1.31,0.26,0,2.1,5.25,1.31,0,78.59,2.89,16.79,48.94,16.27,0.26,77.93,1.44,1.97,73.3,1.44,0,55.36,231.43,107.97,4.33,0.39,0,1.31,1.05,59.04,56.94,96.4,1.57,0,1.18,0.79,0,0,0,0,11.02,0.92,1.97,31.8,2
"32",131,"c801616a","Thomas Mangani","Ajaccio","Ligue 1",183,81,"Midfielder","Left","",35.47,"Thomas Mangani - 35.47 - Ajaccio",0.23,0.05,0,0.23,0.28,0.28,0,0.24,0.02,0.1,0.13,0.46,0.09,20,0,0,29.7,0.14,0.05,0,-0.02,48.21,62.2,77.5,966.06,296.08,19.76,22.5,87.8,19.25,23.29,82.6,8.46,14.69,57.6,1.35,5.11,0.74,0.28,5.39,55.37,6.83,4.32,0.05,8.09,3.02,1.44,2.37,0.98,1.12,0.09,38.12,5.44,18.64,46.77,10.41,3.44,0.09,0.23,0.23,1.12,1.67,1.21,2.09,0.88,1.07,0,0.05,0.05,0.05,0.09,0.09,0,0,0,0,0,2.28,1.35,1.02,1.12,0.14,0.79,2,39.5,1.21,21.15,6.09,28.8,7.3,11.85,2,1.63,0.42,0,1.53,3.81,1.91,0,71.54,3.16,17.2,43.93,13.39,0.6,64.48,0.14,0.19,75,0.14,0,40.58,154.11,62.2,2.14,0.6,0,0.51,0.56,46.91,44.77,95.4,1.35,0,1.12,0.88,0,0,0,0,11.02,1.81,1.39,56.5,2
"33",139,"b5bb8188","Jean Onana","Lens","Ligue 1",189,82,"Midfielder","Right","Cameroon",22.77,"Jean Onana - 22.77 - Lens",0.06,0.12,0.06,0,0,0.06,0.06,0.05,0.05,0.09,0.14,0.99,0.12,11.8,0.06,0.5,21.9,0,0.06,0.01,0.01,43.31,53.38,81.1,860.3,192.69,17.81,20.55,86.7,16.71,20.08,83.2,7.86,10.89,72.2,0.82,3.9,0.7,0.06,3.49,51.93,1.46,1.22,0.35,10.01,1.98,0.64,0,0,0,0,37.84,6.05,9.49,9.95,39.12,1.69,0.23,0.41,0.35,0.93,1.46,1.86,1.69,1.46,0,0.06,0.06,0.06,0.06,0.23,0.17,0,0.06,0,0,0,4.02,3.03,1.8,1.75,0.47,1.4,3.78,36.9,2.39,25.27,8.38,33.2,7.16,13.86,4.25,2.15,0.29,0,2.56,6.58,0.99,0.06,67.06,1.92,18.4,41.74,11,0.93,65.84,1.28,1.98,64.7,1.57,0.17,44.59,206.31,93.96,3.03,0.7,0.12,1.05,1.46,49.31,43.66,88.5,1.8,0,1.69,1.8,0.06,0,0,0,10.94,2.45,1.46,62.7,2
"34",142,"8fd9996f","Danilo Pereira","Paris S-G","Ligue 1",188,66,"Midfielder","Right","Portugal",31.11,"Danilo Pereira - 31.11 - Paris S-G",0.13,0,0.13,0,0,0.16,0,0.11,0.11,0.01,0.12,0.79,0.3,37.5,0.17,0.44,10.2,0,0.14,0.02,0.02,59.45,63.08,94.3,1071.37,277.15,24.88,25.97,95.8,27.35,28.74,95.2,6.06,6.72,90.2,0.13,3.59,0.2,0,2.64,60.9,2.18,0.96,0.07,8.3,1.22,0,0,0,0,0,55.27,3.89,3.92,3.33,56.81,0.96,0.63,0.3,0.03,0.53,0.89,0.66,0.92,0.66,0,0.03,0.1,0.03,0.1,0,0,0,0,0,0,0,1.29,0.76,0.59,0.53,0.16,0.4,0.99,40,0.59,10.05,2.7,26.9,3.76,4.84,1.45,1.15,0.49,0,1.75,3.03,1.19,0.03,70.69,5.6,23.13,43.53,7.71,1.02,68.55,0.49,0.76,65.2,0.49,0,51.64,221.69,105.49,2.67,0.79,0,0.36,0.49,55.27,53.22,96.3,0.66,0,0.89,0.96,0.1,0,0.03,0.03,8.24,1.55,0.79,66.2,2
"35",143,"51c30111","Sanjin Prcić","Strasbourg","Ligue 1",181,76,"Midfielder","Right","Bosnia and Herzegovina",28.92,"Sanjin Prcić - 28.92 - Strasbourg",0,0.04,0,0,0,0.19,0.04,0.07,0.07,0.1,0.17,2.06,0.47,22.6,0,0,25,0.08,0.03,-0.07,-0.07,50.4,59.42,84.8,1046.66,267.82,19.04,21.18,89.9,20.25,22.46,90.1,10.18,14.11,72.2,0.89,5.95,1.36,0.12,5.71,55.73,3.69,2.6,0.08,7.93,3.5,0.78,1.05,0.54,0.51,0,40.34,6.33,12.75,8.28,47.29,2.72,0.04,0.31,0.19,0.74,1.36,0.54,2.22,1.55,0.39,0,0.19,0.08,0,0.12,0.12,0,0,0,0,0,1.98,1.28,0.66,1.09,0.23,0.78,1.59,48.8,0.82,10.49,3.38,32.2,3.19,5.67,1.63,0.74,0.19,0,2.1,4.08,0.82,0.04,68.55,2.6,16.2,40.34,15.47,0.39,64.86,0.35,0.62,56.3,0.47,0,42.82,195.39,90.66,4,0.89,0.04,0.51,0.54,48.42,46.44,95.9,0.97,0,1.01,0.47,0,0.04,0,0,11.19,0.78,0.78,50,2
"36",145,"1a6b7ea4","Pablo Rosario","Nice","Ligue 1",188,73,"Midfielder","Right","Netherlands",25.78,"Pablo Rosario - 25.78 - Nice",0,0.07,0,0,0,0.31,0,0.03,0.03,0.04,0.07,0.45,0.07,15.4,0,0,19.6,0,0.07,-0.03,-0.03,48.64,54.82,88.7,925.74,217.89,18.77,20.51,91.5,22.93,24.98,91.8,6.11,7.74,78.9,0.76,4.2,0.62,0.1,4.23,53.67,1.14,0.87,0.03,8.47,1.11,0.52,0,0,0,0,44.27,5.13,5.41,5.48,45.69,2.15,0.28,0.1,0.17,0.49,1.42,0.87,1.7,1.56,0,0.03,0,0.1,0,0.17,0.17,0,0,0,0,0,2.08,1.21,0.69,1.18,0.21,0.59,1.56,37.8,0.97,13.84,4.27,30.8,3.23,7.88,2.74,1.14,0.28,0,1.32,3.4,1.73,0.03,63.67,2.95,14.71,41.15,10.51,0.52,62.56,0.45,0.8,56.5,0.45,0.03,40.87,166.99,86.88,3.92,0.83,0.14,0.59,0.73,48.85,46.21,94.6,1.46,0,1.6,0.62,0.07,0,0,0,8.57,1.53,0.87,63.8,2
"37",148,"032f894e","Renato Sanches","Paris S-G","Ligue 1",176,74,"Midfielder","Right","Portugal",25.17,"Renato Sanches - 25.17 - Paris S-G",0.13,0.21,0.13,0,0,0.3,0.04,0.09,0.09,0.16,0.25,1.2,0.21,17.9,0.11,0.6,21.8,0.13,0.07,0.04,0.04,54.45,65.67,82.9,1121.34,301.61,21.59,24.42,88.4,21.5,24.59,87.5,10.24,14.18,72.2,1.67,6.81,1.41,0.3,6.47,61.56,4.11,1.67,0.26,9.47,4.07,1.71,1.67,0.47,0.86,0.04,47.08,7.03,11.57,6.64,56.84,0.86,0.56,0.21,0.3,1.24,2.14,0.6,3.77,2.74,0.64,0.21,0.13,0.04,0,0.34,0.21,0.13,0,0,0,0,1.33,0.86,0.6,0.6,0.13,0.47,1.59,29.7,1.11,15.55,5.01,32.2,4.46,8.05,3.04,0.77,0.17,0,1.2,2.53,0.69,0.04,75.65,1.37,14.18,46.56,21.29,1.63,71.84,1.59,2.57,61.7,1.67,0.17,56.93,305.08,188.65,7.88,2.06,0.6,2.06,1.63,63.53,57.49,90.5,2.87,0.04,1.88,1.84,0.09,0,0,0,9.25,0.69,0.86,44.4,2
"38",149,"5e22e2a4","Baptiste Santamaria","Rennes","Ligue 1",183,73,"Midfielder","Right","France",27.61,"Baptiste Santamaria - 27.61 - Rennes",0.1,0,0.1,0,0,0.26,0,0.07,0.07,0.03,0.1,1.28,0.36,28.2,0.08,0.27,17.6,0,0.05,0.03,0.03,52.8,60.46,87.3,1110,236.11,18.26,20.61,88.6,23.69,26.17,90.5,10.04,12.01,83.7,0.75,4.65,0.46,0.1,3.83,59.05,1.41,1.21,0.03,7.88,2.94,0.36,0.03,0,0,0,46.36,4.91,9.19,3.44,51.79,2.58,0.16,0.2,0.07,0.82,1.24,1.05,1.77,1.64,0,0,0.1,0,0.03,0.2,0.16,0,0,0.03,0,0,2.03,1.11,0.65,1.18,0.2,0.65,1.93,33.9,1.28,13.94,4.09,29.3,3.5,7.95,2.49,1.5,0.46,0,1.6,3.63,1.37,0,70.67,2.85,19.01,44.98,11.25,1.21,69.39,0.75,1.28,59,0.79,0.07,47.14,218.18,108.42,3.3,0.82,0,0.65,1.08,52.34,49.6,94.8,1.6,0,1.28,0.98,0,0,0.03,0,11.55,2.94,1.44,67.2,2
"39",153,"a08985b8","Stijn Spierings","Toulouse","Ligue 1",187,72,"Midfielder","Right","Netherlands",26.6,"Stijn Spierings - 26.6 - Toulouse",0.18,0,0.18,0,0,0.18,0,0.1,0.1,0.04,0.14,1,0.18,18.2,0.18,1,19.8,0,0.1,0.08,0.08,54.27,63.09,86,1127.36,329.45,20.82,22.27,93.5,24.45,27.27,89.7,8.82,12.09,72.9,0.73,5.91,0.55,0,6,60.64,2.45,2.18,0.09,6.36,4.18,0.45,0,0,0,0,45.45,5.64,12,7.45,52.82,1.64,0.27,0.18,0.45,0.73,1,1.27,2,1.64,0,0,0,0.09,0.27,0.27,0.27,0,0,0,0,0,2.91,2.18,1.18,1.36,0.36,0.73,2.82,25.8,2.09,18.09,5.36,29.6,6.73,9.18,2.18,1.64,0.36,0,1.73,4.64,1.45,0,74.09,2.36,23.18,44.55,10.64,1,71.91,0.45,0.91,50,0.55,0,51.55,237.09,112.55,2.91,0.64,0.09,0.82,1,52.64,50.55,96,0.73,0,2,1.64,0,0,0,0,12,0.82,0.55,60,2
"40",155,"ed39121c","Florian Tardieu","Troyes","Ligue 1",184,69,"Midfielder","Right","",30.49,"Florian Tardieu - 30.49 - Troyes",0.21,0.06,0,0.21,0.21,0.24,0,0.19,0.03,0.11,0.14,0.76,0.09,12,0,0,29.5,0.12,0.04,0.02,-0.03,58.99,70.51,83.7,1178.52,375.94,24.04,26.22,91.7,24.71,27.59,89.6,9.28,15.07,61.6,1.76,6.27,0.79,0.15,6.15,62.87,7.64,3.91,0.09,9.25,4.55,1.09,3.33,2.12,0.79,0.15,49.14,6.03,15.34,9.7,57.47,2,0.39,0.12,0.18,0.85,2.12,1.42,3.15,2.06,0.97,0,0.03,0.03,0.06,0.12,0.09,0.03,0,0,0,0,2.21,1.42,1.06,0.94,0.21,0.7,2.36,29.5,1.67,16.43,4.82,29.3,6.61,8.34,1.49,1.76,0.33,0,1.94,4.15,1.33,0,80.33,3.36,23.28,46.11,15.52,0.61,72.63,0.52,0.73,70.8,0.55,0,49.9,224.17,114.74,3.55,1.27,0.09,0.49,1,56.38,53.81,95.4,1.03,0,0.97,1.7,0,0,0,0,10.58,1.09,0.91,54.5,2
"41",157,"7d9397f8","Khéphren Thuram Ulie","Nice","Ligue 1",191,82,"Midfielder","Right","France",21.56,"Khéphren Thuram Ulie - 21.56 - Nice",0.12,0.12,0.12,0,0,0.19,0,0.1,0.1,0.13,0.23,1,0.19,19.2,0.12,0.6,17,0,0.11,0.02,0.02,49.03,55.94,87.7,898.15,195.93,20.1,21.8,92.2,22.76,24.84,91.6,5.32,7.25,73.4,0.93,4.24,0.85,0.08,4.2,54.62,1.31,1.2,0.04,8.22,0.93,0.73,0,0,0,0,46.68,3.28,5.98,8.8,44.9,1.47,0.12,0.27,0.19,0.85,1.27,1.04,2.31,1.77,0,0.19,0.15,0.08,0.12,0.42,0.23,0,0.08,0.08,0.04,0,1.85,1.16,0.62,0.89,0.35,0.58,1.27,45.5,0.69,13.31,4.44,33.3,4.55,7.37,1.39,1.58,0.54,0.04,1.58,3.43,0.85,0,65.93,1.89,14.85,43.44,14.5,1.66,64.81,1.16,1.85,62.5,1.2,0,49.73,302.71,167.96,6.75,2.78,0.27,1.08,1.23,53.43,50.11,93.8,2.04,0,1.54,1,0.04,0.04,0,0,7.56,0.58,0.96,37.5,2
"42",161,"4a56052c","Jordan Veretout","Marseille","Ligue 1",176,66,"Midfielder","Right","France",29.63,"Jordan Veretout - 29.63 - Marseille",0,0.24,0,0,0,0.2,0,0.06,0.06,0.14,0.2,0.88,0.17,19.2,0,0,21.7,0.14,0.07,-0.06,-0.06,49.75,59.15,84.1,1004.98,262.02,17.99,19.75,91.1,23,25.87,88.9,8.08,12.11,66.8,1.69,5.89,0.54,0.1,4.46,54.45,4.7,1.79,0.07,6.46,2.67,1.15,2.67,1.32,1.08,0.03,44.54,4.5,10.11,8.35,48.26,1.35,0.24,0.2,0.14,0.98,1.15,0.47,2.87,1.62,0.95,0.03,0.14,0,0.14,0.34,0.1,0.2,0,0.03,0,0,2.1,1.52,1.01,0.91,0.17,0.74,1.56,47.8,0.81,17.11,4.74,27.7,5.31,8.96,2.84,0.58,0.1,0,1.18,3.28,1.32,0,66.63,2.3,13.56,41.03,15.93,0.98,61.96,0.3,0.58,52.9,0.3,0,44.07,235.37,117.13,4.6,1.25,0.17,0.68,0.54,50.06,47.18,94.3,2.16,0,1.08,0.88,0.03,0,0,0,8.46,0.81,0.74,52.2,2
"43",163,"3b029691","Vitinha","Paris S-G","Ligue 1",172,63,"Midfielder","Right","Portugal",22.68,"Vitinha - 22.68 - Paris S-G",0,0,0,0,0,0.2,0,0.09,0.09,0.03,0.12,1.51,0.4,26.1,0,0,22.3,0,0.06,-0.09,-0.09,63.4,70.25,90.3,1022.33,243.07,35.09,37.59,93.3,20.48,21.92,93.4,5.86,7.83,74.8,0.72,5.53,0.86,0,4.08,68.67,1.58,0.79,0.07,10.6,1.65,0.4,0.79,0.4,0.2,0.13,57.41,5.33,7.51,2.9,65.05,1.98,0,0.13,0.13,0.2,1.65,0.79,2.11,1.58,0.07,0.13,0.13,0.13,0.07,0.26,0.2,0,0,0,0.07,0,1.65,1.05,0.66,0.79,0.2,0.4,1.91,20.7,1.51,16.06,5,31.1,3.88,9.09,3.09,1.05,0.26,0,2.7,4.35,0.99,0,80.39,1.65,16.59,48,21.73,1.71,78.94,1.58,2.5,63.2,1.84,0.2,60.64,291.73,169.66,6.98,2.17,0.33,0.79,1.05,66.1,62.87,95.1,2.3,0,0.99,0.66,0,0,0,0,8.16,0.33,0.33,50,2
"44",167,"56413b1f","Charles Aránguiz","Leverkusen","Bundesliga",172,67,"Midfielder","Right","Chile",33.5,"Charles Aránguiz - 33.5 - Leverkusen",0.13,0.18,0.13,0,0,0.09,0,0.09,0.09,0.11,0.2,0.81,0.27,33.3,0.17,0.5,18.5,0.04,0.12,0.04,0.04,53.33,63,84.6,1006.39,273.72,20.73,23.33,88.9,24.67,27.36,90.2,6.49,9.85,65.9,1.03,4.61,0.67,0.13,5.42,60.04,2.96,2.28,0.09,7.12,1.7,0.49,0.36,0.22,0.13,0,46.48,6.72,9.81,7.52,51.76,2.15,0.31,0.54,0.27,0.67,1.48,1.48,1.93,1.7,0.04,0.04,0.04,0,0.09,0.22,0.18,0,0.04,0,0,0,3,1.66,1.21,1.39,0.4,1.03,3.18,32.4,2.15,23.28,6.58,28.3,8.19,11.96,3.13,1.61,0.13,0,1.79,4.79,1.43,0,73.52,1.88,19.12,45.63,11.82,1.3,70.93,0.45,0.58,76.9,0.45,0.04,44.69,154.75,62.24,2.19,0.85,0,0.99,0.81,53.28,50.37,94.5,1.7,0,1.84,1.21,0,0,0,0,11.15,0.94,1.52,38.2,2
"45",173,"a65ce836","Emre Can","Dortmund","Bundesliga",184,73,"Midfielder","Right","Germany",28.76,"Emre Can - 28.76 - Dortmund",0.21,0.04,0.04,0.17,0.17,0.37,0.04,0.14,0.01,0.03,0.05,0.25,0.08,33.3,0.17,0.5,24,0,0.05,0.07,0.03,59.17,69.67,84.9,1217.26,364.11,19.13,21.12,90.6,29.75,32.74,90.9,9.5,13.82,68.8,0.25,4.9,0.33,0,5.02,67.22,2.45,1.2,0.04,8.05,1.78,0.29,0,0,0,0,52.82,6.1,10.75,13.28,51,2.86,1.16,0.17,0.21,0.91,1.33,1.66,0.66,0.58,0,0.04,0,0.04,0,0.04,0.04,0,0,0,0,0,2.57,1.83,1.2,1.12,0.25,0.79,2.03,38.8,1.24,14.27,4.65,32.6,5.64,7.18,1.45,2.24,0.58,0,2.03,4.61,2.24,0.04,80.79,5.81,28.76,48.84,8.51,0.91,78.34,0.75,1.08,69.2,0.75,0.08,56.43,277.63,132.9,4.4,1.08,0.12,0.79,0.83,58.34,56.56,96.9,0.87,0,1.83,1.29,0.04,0,0,0,11.08,2.03,1.24,62,2
"46",174,"db4ed67b","Mahmoud Dahoud","Dortmund","Bundesliga",176,67,"Midfielder","Right","Germany",26.79,"Mahmoud Dahoud - 26.79 - Dortmund",0.11,0.27,0.11,0,0,0.16,0,0.07,0.07,0.19,0.26,1.31,0.27,20.8,0.08,0.4,21.8,0.05,0.05,0.04,0.04,47.26,59.78,79.1,875.77,219.8,19.33,23.03,83.9,20.25,23.19,87.3,6.32,10.73,58.9,1.63,3.81,1.14,0.11,5.12,57.71,2.07,0.82,0.11,11.65,2.18,0.76,1.09,0.38,0.54,0.05,47.86,3.38,8.55,6.04,51.07,1.74,0.16,0.22,0.33,0.76,2.29,1.31,3.05,2.23,0.44,0.11,0.11,0.05,0.11,0.38,0.22,0.05,0.05,0,0.05,0,2.61,1.85,0.76,1.63,0.22,1.09,2.72,40,1.63,18.78,6.81,36.2,5.12,10.24,3.43,1.52,0.22,0,1.96,4.57,0.93,0,70.67,2.12,14.05,41.92,19.17,1.31,68.55,1.42,1.91,74.3,1.63,0.05,47.15,231.13,113.25,4.68,1.42,0.27,1.14,1.47,53.63,49.38,92.1,3.27,0,1.03,0.87,0.05,0.05,0,0,10.29,0.6,0.76,44,2
"47",176,"54b4dc4e","Kerem Demirbay","Leverkusen","Bundesliga",185,79,"Midfielder","Left","Germany",29.29,"Kerem Demirbay - 29.29 - Leverkusen",0.11,0.15,0.11,0,0.07,0.37,0.04,0.16,0.1,0.19,0.29,1.81,0.52,28.6,0.06,0.21,22.7,0.3,0.05,-0.04,0.01,47.61,62.87,75.7,1004.82,326.77,17.19,20.03,85.8,20.11,23.91,84.1,9.35,16.78,55.7,1.92,6.25,1.18,0.26,5.54,54.07,8.8,3.25,0.26,8.98,4.44,1.48,4.92,2.4,1.96,0.11,40.18,7.06,15.63,48.75,11.13,1.7,0.44,0.37,0.18,1.07,2.18,1.33,2.59,1.18,1.18,0.11,0.07,0.04,0,0.3,0.11,0.11,0.04,0,0.04,0,2.18,1.59,1,1.15,0.04,0.55,1.85,30,1.29,21.1,7.24,34.3,6.32,11.01,3.77,1.81,0.48,0,1.59,3.77,0.96,0.04,74.59,2.74,16.52,43.1,19.22,1.48,65.72,0.96,1.81,53.1,0.96,0.15,46.94,255.22,119.86,5.84,1.15,0.33,1.18,0.96,51.04,47.49,93,1.85,0,1.92,1.07,0.07,0,0,0,10.28,0.55,1.03,34.9,2
"48",191,"92432bc6","Amadou Haidara","RB Leipzig","Bundesliga",175,68,"Midfielder","Right","Mali",24.71,"Amadou Haidara - 24.71 - RB Leipzig",0.14,0.07,0.14,0,0,0.2,0,0.11,0.11,0.08,0.18,1.3,0.14,10.5,0.11,1,20.8,0,0.09,0.03,0.03,50.83,61,83.3,906.82,263.86,22.45,26,86.4,20.81,23.88,87.1,6.21,8.32,74.6,0.68,5.46,1.09,0.14,6,60.18,0.82,0.34,0.41,10.3,0.89,0.41,0,0,0,0,46.26,6.76,7.98,5.39,51.45,1.84,0.34,0.41,0.55,0.48,1.98,1.64,1.57,1.36,0,0.07,0.14,0,0,0.2,0.14,0,0,0.07,0,0,2.73,1.84,0.75,1.84,0.14,0.61,1.71,36,1.09,15.76,5.6,35.5,4.37,8.73,2.66,2.18,0.55,0,1.71,4.44,1.36,0,72.12,1.3,13.78,47.29,15.63,1.09,71.37,0.68,0.89,76.9,0.68,0.07,49.54,222.37,125.41,5.53,1.57,0.14,0.61,1.23,51.58,48.92,94.8,1.02,0,1.57,1.02,0,0,0.07,0,12.62,2.12,1.91,52.5,2
"49",203,"86574238","Kouadio Koné","M'Gladbach","Bundesliga",181,72,"Midfielder","Right","France",21.42,"Kouadio Koné - 21.42 - M'Gladbach",0.06,0,0.06,0,0,0.38,0,0.05,0.05,0.03,0.08,0.92,0.38,41.4,0.07,0.17,22.2,0.03,0.06,0.01,0.01,42.74,48.68,87.8,736.23,234.49,19.82,21.85,90.8,18.47,20.2,91.4,3.6,4.92,73.1,0.47,4.04,0.38,0.03,4.67,47.41,1.26,1.2,0.03,10.16,0.79,0.09,0,0,0,0,41.23,3.28,4.17,2.97,43.25,1.39,0.03,0.22,0.19,0.41,1.33,1.23,1.61,1.26,0,0.13,0.03,0.13,0.06,0.09,0.06,0,0,0,0.03,0,2.78,1.93,1.23,1.36,0.19,0.82,1.7,48.1,0.88,19.38,7.51,38.8,6.53,10.58,2.27,1.55,0.32,0,2.21,4.99,0.79,0,63.26,1.67,16.73,40.31,10.76,1.04,62.47,1.77,2.71,65.1,1.8,0.06,47.16,218.32,131.95,4.96,1.04,0.28,1.77,2.62,47.57,44.2,92.9,1.58,0,1.8,2.65,0.03,0.03,0,0,9.28,1.17,1.01,53.6,2
"50",205,"496aeede","Christoph Kramer","M'Gladbach","Bundesliga",189,82,"Midfielder","Right","Germany",31.66,"Christoph Kramer - 31.66 - M'Gladbach",0,0,0,0,0,0.07,0,0.02,0.02,0.07,0.09,0.36,0.07,20,0,0,16.3,0,0.07,-0.02,-0.02,47.53,58.15,81.7,753.78,207.43,24.94,27.86,89.5,18.17,21.66,83.9,3.21,5.42,59.2,0.57,2.07,0.5,0.07,3.28,55.3,2.85,2.07,0,8.41,0.71,0.78,0,0,0,0,42.47,6.77,8.91,8.19,45.89,2.35,0.43,0.43,0.14,0.78,1.21,1.71,1.5,1.21,0,0.14,0,0.07,0.07,0,0,0,0,0,0,0,2.64,1.5,1.21,1.14,0.29,1,2.71,36.8,1.71,19.6,6.34,32.4,8.12,8.62,2.85,2.07,0.36,0,1.43,4.06,1.78,0.07,68.84,4.06,21.95,39.26,11.62,2,66.27,1.21,2.21,54.8,1.35,0,42.68,184.99,88.43,2.64,0.57,0.29,0.43,0.86,48.74,45.68,93.7,1.43,0,1.43,0.86,0.14,0,0,0,11.4,1.28,1.21,51.4,2
"51",212,"15413fa5","Salih Özcan","Dortmund","Bundesliga",180,73,"Midfielder","Right","Turkey",24.76,"Salih Özcan - 24.76 - Dortmund",0.06,0.06,0.06,0,0,0.27,0,0.09,0.09,0.06,0.15,0.88,0.21,24.1,0.07,0.29,15.2,0,0.1,-0.02,-0.02,46.78,55.05,85,859.13,188.66,19.64,22.26,88.2,20.34,23.03,88.3,5.55,7.72,71.9,0.79,3.45,0.61,0.15,3.63,51.33,3.72,3.2,0,8.17,1.04,0.82,0,0,0,0,40.78,5.89,8.39,9.39,38.89,4,0.46,0.49,0.15,0.55,1.01,1.52,1.95,1.56,0.09,0.03,0.06,0.12,0.09,0.18,0.12,0,0,0.06,0,0,2.2,1.59,0.67,1.25,0.27,0.85,2.26,37.8,1.4,17.02,7.01,41.2,5.55,9.52,1.95,1.71,0.18,0,2.44,4.64,1.43,0,66.03,2.13,19.43,40.93,10.06,1.65,62.8,0.76,1.1,69.4,0.76,0,40.29,192.32,99.24,3.84,1.16,0.12,0.88,1.1,43.52,39.98,91.9,1.43,0,1.4,2.13,0.03,0,0,0,13.36,2.41,1.8,57.2,2
"52",219,"e280527c","Marcel Sabitzer","Bayern Munich","Bundesliga",176,69,"Midfielder","Right","Austria",28.58,"Marcel Sabitzer - 28.58 - Bayern Munich",0.12,0.06,0.12,0,0,0.3,0,0.15,0.15,0.09,0.24,2.01,0.59,29.4,0.06,0.2,21.2,0.12,0.07,-0.03,-0.03,58.3,69.07,84.4,965.28,256.1,29.8,33.82,88.1,22.77,25.55,89.1,4.38,6.45,67.9,0.83,4.55,1.12,0.06,5.44,66.17,2.9,1.12,0,10.7,1.12,0.59,0.06,0.06,0,0,50.44,9.4,9.22,9.28,52.33,3.49,1.66,0.35,0.35,0.77,1.71,0.71,1.71,1.6,0.06,0,0,0,0.06,0.18,0.18,0,0,0,0,0,2.84,1.71,1.24,1.01,0.59,1.24,2.84,43.8,1.6,16.32,5.62,34.4,4.32,8.16,3.84,0.89,0.18,0,1.36,4.2,1.12,0,79.71,2.37,16.14,44.47,22.83,3.13,76.75,0.18,0.47,37.5,0.24,0.12,52.1,193.9,86.81,3.84,0.95,0.35,1.01,1.18,60.67,56.24,92.7,4.32,0,1.6,1.01,0.06,0,0,0,12.71,2.19,1.36,61.7,2
"53",240,"5a2cb25d","Sofyan Amrabat","Fiorentina","Serie A",173,69,"Midfielder","Right","Morocco",26.16,"Sofyan Amrabat - 26.16 - Fiorentina",0.07,0,0.07,0,0,0.63,0,0.02,0.02,0.04,0.06,0.49,0.28,57.1,0.14,0.25,24.5,0,0.04,0.05,0.05,59.93,66.96,89.5,1336.51,288.13,17.42,19.32,90.2,29.02,31.26,92.8,12.79,14.89,85.8,0.84,7.52,0.91,0.21,5.55,63.72,3.23,3.16,0,8.36,3.65,0.63,0,0,0,0,52.62,4.85,9.48,3.72,59.93,2.32,0.07,0.35,0.07,0.21,1.83,1.19,1.83,1.62,0,0,0,0.14,0.07,0,0,0,0,0,0,0,2.67,1.97,1.26,0.77,0.63,1.12,2.18,51.6,1.05,21.78,6.96,31.9,5.97,11.59,4.22,1.83,0.63,0,0.84,3.51,0.7,0.07,75.11,2.53,15.6,51.43,13.91,0.21,72.51,0.77,1.33,57.9,0.77,0,54.03,304,134.61,4.5,1.05,0.07,0.49,0.7,56.49,54.87,97.1,0.98,0,2.88,1.55,0,0,0,0,10.54,0.84,1.33,38.7,2
"54",250,"db092d3b","Ismaël Bennacer","Milan","Serie A",175,69,"Midfielder","Left","Algeria",24.89,"Ismaël Bennacer - 24.89 - Milan",0.11,0.04,0.11,0,0,0.31,0,0.04,0.04,0.11,0.15,0.88,0.34,39.1,0.13,0.33,23.5,0.11,0.04,0.08,0.08,52.82,61.59,85.8,1037.48,273.09,21.01,22.69,92.6,22.12,24.6,89.9,8.39,12.32,68.1,1.6,5.53,1.03,0.11,5.72,57.32,4.27,2.86,0.27,7.7,2.48,0.8,1.07,0.27,0.65,0.04,46.83,4.54,10.22,53.05,5.87,1.37,0.27,0.08,0.34,0.92,1.33,1.03,3.2,2.1,0.57,0.15,0.11,0.15,0.11,0.11,0.08,0,0,0.04,0,0,2.97,2.02,1.3,1.41,0.27,0.88,2.36,37.1,1.49,21.36,6.75,31.6,6.29,11.82,3.24,1.26,0.23,0,2.82,5.8,0.84,0,73.22,2.52,16.51,47.02,15.64,0.84,69.25,1.94,2.48,78.5,2.06,0.04,53.85,318.55,139,5.38,1.56,0.23,1.03,1.64,51.18,47.71,93.2,1.64,0,2.06,2.44,0.04,0,0,0,11.94,1.22,1.56,43.8,2
"55",257,"ba3d3bea","Danilo Cataldi","Lazio","Serie A",180,69,"Midfielder","Right","Italy",28.2,"Danilo Cataldi - 28.2 - Lazio",0.03,0.07,0.03,0,0,0.34,0,0.03,0.03,0.11,0.14,0.48,0.14,28.6,0.07,0.25,25.7,0.1,0.07,0,0,59.12,68.87,85.8,1045.41,308.73,28.37,30.48,93.1,22.59,25.58,88.3,7.03,10.97,64.1,1.05,5.03,0.75,0.03,4.04,63.64,5.23,2.89,0.07,6.8,1.97,0.75,2.11,0.58,1.26,0.03,53.68,5.3,9.89,13.86,53.34,1.02,0.14,0.24,0.27,0.68,1.49,0.88,1.63,1.02,0.61,0,0,0,0,0.14,0.1,0.03,0,0,0,0,1.83,1.05,0.78,0.92,0.14,0.51,1.97,25.9,1.46,15.59,3.91,25.1,5.03,8.9,1.66,1.53,0.65,0,1.6,3.43,1.16,0,76.31,3.33,20.35,47.77,11.18,0.03,71.42,0.71,0.99,72.4,0.78,0.07,49.43,191.14,68.49,1.94,0.68,0,0.24,0.48,56.91,54.29,95.4,0.34,0,1.09,1.02,0,0,0.07,0,9.78,0.48,0.27,63.6,2
"56",259,"16657b95","Bryan Cristante","Roma","Serie A",186,78,"Midfielder","Right","Italy",27.62,"Bryan Cristante - 27.62 - Roma",0.06,0,0.06,0,0,0.2,0,0.07,0.07,0.07,0.15,1.27,0.2,15.6,0.04,0.29,15.3,0,0.06,-0.02,-0.02,48.17,58.58,82.2,1018.34,305.52,16.91,19.66,86,21.84,24.69,88.4,8.82,12.7,69.5,0.76,7.16,0.85,0.08,5.8,56.09,2.49,2.29,0.11,8.15,2.26,0.42,0,0,0,0,40.45,5.94,12.19,7.1,46.3,2.86,0.17,0.11,0.14,0.71,1.58,1.33,1.9,1.61,0,0,0.23,0,0.06,0.06,0.03,0,0,0.03,0,0,3.39,1.98,1.41,1.67,0.31,1.22,2.4,50.6,1.19,21.18,6.62,31.2,7.95,10.49,2.74,1.64,0.31,0,1.22,4.61,1.87,0,68.79,3,17.88,44.86,10.15,1.41,66.47,0.4,0.68,58.3,0.45,0,41.18,211.45,99.14,4.55,1.24,0.08,0.45,0.71,49.27,46.9,95.2,1.13,0,1.64,0.71,0.06,0,0.03,0.03,10.01,3.08,2.04,60.2,2
"57",261,"20b3a502","Nicolás Domínguez","Bologna","Serie A",179,73,"Midfielder","Right","Argentina",24.31,"Nicolás Domínguez - 24.31 - Bologna",0.05,0.09,0.05,0,0,0.32,0,0.07,0.07,0.1,0.18,1.25,0.28,22.2,0.04,0.17,19.2,0,0.06,-0.03,-0.03,42.64,52.13,81.8,772.73,218.24,19.72,22.18,88.9,16.39,18.89,86.8,5.51,8.47,65,1.44,4.49,1.3,0.09,4.58,49.81,2.31,1.57,0.14,7.41,1.48,0.51,0,0,0,0,35.42,7.36,9.35,9.77,37.92,2.82,0.32,0.23,0.28,0.79,1.57,1.34,2.5,2.13,0.09,0.05,0.09,0.09,0.05,0.19,0.19,0,0,0,0,0,3.06,1.94,1.57,1.25,0.23,0.97,2.87,33.9,1.9,24.49,6.48,26.5,9.77,11.48,3.24,1.76,0.42,0.05,2.27,5.32,0.88,0,65.32,2.69,17.18,38.56,13.47,1.44,63.15,0.51,1.25,40.7,0.6,0.05,38.43,194.63,94.44,3.43,1.39,0.14,1.62,1.25,47.92,42.08,87.8,2.73,0,1.67,1.81,0,0,0,0,11.44,1.39,1.76,44.1,2
"58",284,"a8a874f1","Manuel Locatelli","Juventus","Serie A",186,74,"Midfielder","Right","Italy",24.77,"Manuel Locatelli - 24.77 - Juventus",0.03,0.07,0.03,0,0,0.34,0,0.04,0.04,0.08,0.13,0.94,0.13,14.3,0.04,0.25,22.4,0,0.05,-0.01,-0.01,53.16,61.71,86.1,1083.82,334.39,19.11,21.52,88.8,24.5,26.98,90.8,8.68,11.7,74.2,0.91,5.1,1.14,0.07,5.63,59.3,2.41,2.11,0.27,7.91,2.18,0.4,0.1,0.07,0.03,0,46.89,4.76,10.06,12.23,47.06,1.04,0.13,0.13,0.17,0.91,1.61,1.27,2.15,2.01,0.03,0.03,0.03,0,0.03,0.27,0.27,0,0,0,0,0,2.04,1.27,0.87,0.84,0.34,0.6,1.37,43.9,0.77,15.32,4.29,28,5.36,7.84,2.11,2.08,0.8,0,1.41,3.45,1.41,0,72.54,3.59,19.98,42.1,13.64,0.84,70.36,0.74,0.91,81.5,0.74,0.07,50.85,179.8,76.42,2.68,0.94,0.17,0.8,1.17,55.11,52.42,95.1,1.74,0,1.51,1.14,0.07,0,0,0,9.59,1.58,1.04,60.3,2
"59",293,"eb7822d7","Nemanja Matić","Roma","Serie A",194,84,"Midfielder","Left","Serbia",34.22,"Nemanja Matić - 34.22 - Roma",0,0.12,0,0,0,0.29,0,0.01,0.01,0.1,0.12,0.33,0.08,25,0,0,21,0,0.04,-0.01,-0.01,56.59,64.6,87.6,1104.74,305.22,22.6,25.03,90.3,24.33,26.67,91.2,8.51,10.73,79.3,0.82,5.96,0.82,0.12,5.63,62.34,2.26,1.89,0.21,8.51,2.18,0.53,0.04,0,0,0,50.79,5.3,8.51,49.85,10.97,2.22,0.33,0.16,0.25,0.53,1.4,1.32,1.89,1.77,0,0,0,0.08,0.04,0.21,0.21,0,0,0,0,0,2.01,1.48,1.11,0.7,0.21,0.66,1.81,36.4,1.15,14.01,3.9,27.9,5.88,6.41,1.73,1.68,0.37,0,1.77,3.78,1.6,0.04,74.05,3.66,22.36,45.86,11.92,0.62,72.08,0.58,0.78,73.7,0.62,0.04,48.45,302.34,181.4,6.95,1.93,0.16,1.03,0.82,54.49,52.44,96.2,1.11,0,1.48,0.45,0,0,0,0,10.85,1.52,1.23,55.2,2
"60",299,"5cdddffa","Tanguy Ndombele","Napoli","Serie A",181,76,"Midfielder","Right","France",25.81,"Tanguy Ndombele - 25.81 - Napoli",0.12,0.23,0.12,0,0,0.29,0,0.12,0.12,0.17,0.29,1.44,0.23,16,0.08,0.5,20.8,0,0.08,0,0,54.84,61.4,89.3,960.19,269.31,25.38,26.99,94,21.81,23.71,92,6.16,7.94,77.5,1.27,6.39,1.21,0.06,5.18,59.62,1.78,1.61,0.29,8.29,0.98,0.4,0,0,0,0,53.17,4.2,4.03,4.89,54.61,0.81,0.12,0.12,0.17,0.52,1.73,0.92,2.19,2.07,0,0.06,0.06,0,0,0.29,0.23,0,0,0.06,0,0,2.19,1.67,0.58,1.27,0.35,0.86,2.3,37.5,1.44,19.28,5.58,29,5.7,10.19,3.4,1.15,0.23,0,1.27,3.45,0.92,0,73.83,2.01,14.5,46.84,18.59,1.9,72.85,2.01,3.05,66,2.13,0,55.88,281.11,163.25,7.71,2.36,0.29,1.67,1.84,61.34,57.72,94.1,2.99,0,1.84,2.65,0,0,0.06,0,8.17,0.98,0.86,53.1,2
"61",307,"e58cbfd5","Nicolò Rovella","Monza","Serie A",179,68,"Midfielder","Right","Italy",20.88,"Nicolò Rovella - 20.88 - Monza",0,0,0,0,0,0.48,0.07,0.06,0.06,0.14,0.19,1.16,0.27,23.5,0,0,25.5,0.27,0.05,-0.06,-0.06,52.74,63.87,82.6,1108.11,254.92,19.17,20.95,91.5,22.38,24.91,89.9,10.03,15.97,62.8,1.84,4.64,0.61,0.07,4.16,56.36,7.51,4.16,0,8.73,4.64,1.43,2.87,0.82,1.57,0,45.51,4.5,13.85,5.05,56.7,1.16,0.48,0.27,0.27,1.23,1.23,1.3,3.07,2.05,0.82,0,0.07,0.14,0,0.07,0,0.07,0,0,0,0,3.34,1.84,1.57,1.43,0.34,0.89,2.25,39.4,1.36,19.38,6.48,33.5,7.51,8.73,3.14,1.36,0.07,0,2.12,5.46,1.16,0.07,75.47,2.59,17.67,42.71,20.61,0.68,68.71,1.02,1.57,65.2,1.02,0,51.52,276.35,134.28,5.94,1.57,0,0.55,1.5,54.66,50.29,92,1.71,0,1.77,1.84,0.14,0,0,0,9.55,0.34,1.43,19.2,2
"62",317,"ab1ca213","Miguel Veloso","Hellas Verona","Serie A",180,78,"Midfielder","Left","Portugal",36.44,"Miguel Veloso - 36.44 - Hellas Verona",0,0.1,0,0,0,0.36,0,0.05,0.05,0.1,0.15,1.13,0.26,22.7,0,0,23.8,0.31,0.04,-0.05,-0.05,45.03,58.08,77.5,933.46,282.23,15.11,18.09,83.5,21.69,25.08,86.5,7.61,13.26,57.4,1.39,4.88,0.98,0.31,5.04,50.78,7.3,3.5,0.05,7.97,2.52,1.75,3.03,1.54,0.98,0,36.65,6.73,14.7,39.27,12.85,3.44,0.67,0.31,0.26,0.93,1.54,1.59,2.67,1.7,0.77,0.05,0.05,0,0.1,0.31,0.31,0,0,0,0,0,1.9,1.08,0.62,1.13,0.15,0.67,1.49,44.8,0.82,15.27,5.09,33.3,5.29,8.38,1.59,2,0.41,0,1.23,3.14,1.34,0.05,66.87,2.21,14.29,40.35,16.55,0.77,59.47,0.31,0.36,85.7,0.31,0.05,36.8,227.29,105.21,3.8,0.98,0.21,0.41,0.46,39.37,37.32,94.8,1.03,0,1.08,0.46,0,0,0,0.05,13.72,1.9,1.8,51.4,2
"63",318,"75e60d75","Ronaldo Vieira","Sampdoria","Serie A",177,68,"Midfielder","Right","",24.25,"Ronaldo Vieira - 24.25 - Sampdoria",0,0,0,0,0,0.28,0,0.01,0.01,0,0.01,0.38,0,0,0,NA,24.9,0,0.03,-0.01,-0.01,47.64,53.38,89.2,938.97,193.74,17.23,18.92,91,23.63,24.95,94.7,6.31,8.38,75.3,0,3.39,0.38,0,3.01,50.84,2.54,1.98,0.09,7.25,1.51,0,0,0,0,0,43.4,5.08,4.9,8.57,41.42,1.69,0.47,0.09,0.19,0.85,1.13,1.22,0.66,0.56,0,0,0.09,0,0,0.09,0.09,0,0,0,0,0,2.07,1.69,0.85,1.04,0.19,0.75,1.69,44.4,0.94,14.78,4.61,31.2,5.93,7.15,1.69,1.79,0.56,0,1.98,4.05,1.6,0.09,62.13,3.48,17.79,41.33,6.68,0.28,59.87,0.38,0.66,57.1,0.38,0,42.74,178.02,73.05,1.98,0.56,0.09,0.66,0.94,43.87,41.61,94.8,1.41,0,2.17,1.13,0,0,0,0,10.17,1.51,1.79,45.7,2
"64",323,"6bb2c084","Andre Frank Zambo Anguissa","Napoli","Serie A",184,78,"Midfielder","Right","Cameroon",26.93,"Andre Frank Zambo Anguissa - 26.93 - Napoli",0.1,0.2,0.1,0,0,0.17,0,0.11,0.11,0.08,0.19,1.27,0.4,31.6,0.08,0.25,16.9,0,0.09,-0.01,-0.01,51.41,58,88.6,815.53,207.3,27.04,28.7,94.2,18.88,21.18,89.2,3.9,5.36,72.7,1.17,4.5,0.7,0.07,4.33,56.54,1.47,1.2,0.07,8.19,0.47,0.37,0,0,0,0,47.88,5.13,4.99,6.29,49.28,1.2,0.03,0.2,0.3,0.47,1.17,0.97,2.86,2.33,0,0.13,0.1,0.03,0.27,0.4,0.3,0,0.03,0,0,0.07,2.3,1.5,0.9,0.9,0.5,0.83,2.1,39.7,1.27,19.61,5.89,30.1,5.36,10.02,4.23,1.23,0.27,0,2.23,4.53,1.13,0,70.26,2.2,15.58,42.62,16.75,2.46,69.02,1.4,2.36,59.2,1.53,0,49.64,232.71,109.51,4.56,1.56,0.53,1.3,1.86,56.44,52.04,92.2,3.06,0,1.63,1.63,0,0,0,0,8.52,1.47,1.3,53,2
"65",328,"036bba5f","Rubén Alcaraz","Cádiz","La Liga",183,79,"Midfielder","Right","",31.46,"Rubén Alcaraz - 31.46 - Cádiz",0.12,0,0.12,0,0,0.62,0,0.1,0.1,0.09,0.19,1.92,0.37,19.4,0.06,0.33,22.3,0.37,0.05,0.02,0.02,41.31,49.43,83.6,890.52,247.33,15.24,16.97,89.8,16.41,18.58,88.3,8.92,12.39,72,1.05,5.95,0.81,0.12,4.65,46.15,3.28,2.54,0.12,7.62,3.04,0.93,0.5,0.06,0.25,0,34.56,4.77,10.1,6.57,38.59,2.42,0.12,0.37,0.06,0.56,1.24,0.93,2.11,1.42,0.37,0.06,0.06,0.19,0,0,0,0,0,0,0,0,3.04,2.17,1.18,1.8,0.06,0.99,2.66,37.2,1.67,22.61,7.74,34.2,8.49,11.52,2.6,1.05,0.12,0,1.11,4.15,1.24,0,61.88,1.92,13.69,40.32,12.33,1.42,59.15,0.43,0.87,50,0.5,0.19,40.94,231.84,119.48,4.71,1.24,0.19,1.55,1.05,42,39.46,94,0.99,0,2.73,2.97,0.06,0,0.06,0,12.08,2.17,1.55,58.3,2
"66",332,"03049c8c","Keidi Bare","Espanyol","La Liga",174,58,"Midfielder","Right","Albania",25.14,"Keidi Bare - 25.14 - Espanyol",0.07,0,0.07,0,0,0.59,0,0.04,0.04,0.02,0.06,0.37,0.07,20,0.2,1,13.9,0,0.1,0.04,0.04,46.36,53.37,86.9,843.91,202.7,20.42,22.04,92.6,19.24,21.74,88.5,5.68,7.67,74,0.37,4.72,0.22,0,3.46,51.15,2.21,1.92,0.15,8.85,1.62,0.29,0.07,0,0,0.07,41.35,4.86,7.15,4.13,45.18,2.43,0.15,0.22,0.15,0.22,1.7,0.81,1.33,1.03,0.07,0.07,0,0.07,0.07,0.15,0,0,0,0,0.07,0.07,2.14,1.11,0.88,1.11,0.15,0.74,1.84,40,1.11,19.39,5.23,27,7.59,9.95,1.84,1.25,0.44,0,1.92,4.05,1.55,0,63.76,3.1,17.4,40.69,9.88,1.11,61.84,0.59,1.33,44.4,0.74,0.22,41.94,207.2,88.3,3.1,1.11,0.15,0.29,0.88,46.36,43.64,94.1,1.11,0,1.7,1.92,0,0.07,0,0,9.58,1.33,1.84,41.9,2
"67",334,"ed5c5fa3","Fran Beltrán","Celta Vigo","La Liga",172,68,"Midfielder","Right","Spain",23.7,"Fran Beltrán - 23.7 - Celta Vigo",0.03,0.03,0.03,0,0,0.15,0,0.02,0.02,0.03,0.05,0.77,0.12,15.4,0.04,0.25,27.1,0,0.02,0.01,0.01,58.54,64.25,91.1,1202.52,213.68,20.43,22.35,91.4,27.14,28.47,95.3,10.17,11.74,86.6,0.56,3.81,0.38,0.12,2.6,61.5,2.75,2.07,0.03,7.33,2.54,0.27,0.15,0.03,0.09,0,51.74,4.91,7.6,5.59,55.17,2.28,0.12,0.44,0.06,0.53,1.01,1.57,1.18,1.01,0.06,0.03,0.03,0.03,0.03,0.09,0.03,0,0,0.03,0,0.03,2.34,1.45,1.12,0.98,0.24,0.95,2.34,40.5,1.39,19.16,6.71,35,6.62,10.05,2.48,1.71,0.15,0,1.66,3.99,1.03,0.06,73.98,2.48,22.47,45.12,10.7,0.21,71.37,0.33,0.44,73.3,0.33,0,49.88,261.87,112.97,4.35,1.06,0,0.74,0.83,53.9,51.86,96.2,0.62,0,0.89,0.89,0.06,0,0,0,11,0.8,1.83,30.3,2
"68",337,"7b9c2d84","Eduardo Camavinga","Real Madrid","La Liga",182,68,"Midfielder","Left","France",19.95,"Eduardo Camavinga - 19.95 - Real Madrid",0.05,0.05,0.05,0,0,0.41,0,0.05,0.05,0.07,0.12,0.98,0.21,21.1,0.05,0.25,24.1,0,0.05,0,0,51.9,57.31,90.6,996.69,220.26,21.62,23.53,91.9,22.71,24.2,93.8,7.16,8.29,86.3,0.98,4.84,0.51,0.15,4.27,56.02,1.29,1.08,0.1,7.93,1.65,0.31,0,0,0,0,47.57,3.81,5.92,51.18,3.71,0.93,0.15,0.05,0.15,0.31,1.08,1.49,2.88,2.32,0,0.1,0,0.36,0.1,0.31,0.26,0,0,0,0.05,0,3.66,2.32,1.6,1.49,0.57,1.18,2.27,52.3,1.08,24.2,6.54,27,7.93,11.79,4.48,1.75,0.26,0,1.18,4.84,0.98,0,70.43,2.52,17.25,41.7,18.33,1.24,69.66,1.34,2.01,66.7,1.34,0.1,52.77,278.86,157.96,5.82,2.73,0.05,1.44,1.39,57.15,53.39,93.4,2.99,0,2.42,3.24,0.05,0,0,0,7.16,1.7,0.93,64.7,2
"69",339,"dee86451","William Carvalho","Betis","La Liga",187,87,"Midfielder","Right","Portugal",30.53,"William Carvalho - 30.53 - Betis",0.14,0.1,0.14,0,0,0.24,0,0.17,0.17,0.05,0.22,1.39,0.49,35,0.1,0.29,15.5,0,0.13,-0.03,-0.03,55.41,63.23,87.6,1024.1,254.91,23.88,26.59,89.8,23.43,25.38,92.3,7.06,9.28,76,0.9,5.98,0.59,0,5.56,61.56,1.67,1.56,0.14,8.83,1.56,0.28,0,0,0,0,50.09,5.77,7.37,9.11,50.86,1.81,0.1,0.38,0.21,0.66,1.56,0.66,1.98,1.67,0,0.17,0.03,0.07,0.03,0.31,0.14,0,0.07,0.03,0.07,0,1.88,1.32,0.63,1.11,0.14,0.59,1.46,40.5,0.87,13.87,4.24,30.6,4.17,8.24,1.46,0.97,0.31,0,0.97,2.85,1.18,0,72.79,1.56,12.83,49.43,14.88,1.95,71.47,1.49,2.19,68.3,1.53,0.07,54.09,231.83,109.61,4.21,0.97,0.17,0.8,1.01,61.18,56.91,93,2.22,0,1.56,1.98,0.03,0.03,0,0,8.69,1.39,1.6,46.5,2
"70",343,"5ae499d0","Santi Comesaña","Rayo Vallecano","La Liga",184,74,"Midfielder","Right","",26.04,"Santi Comesaña - 26.04 - Rayo Vallecano",0,0.04,0,0,0,0.38,0.04,0.11,0.11,0.08,0.19,1.17,0.11,9.7,0,0,13.5,0,0.09,-0.11,-0.11,41.9,50.74,82.6,791.08,238.93,17,19.86,85.6,18.5,20.99,88.2,5.42,7.37,73.5,1.17,4.78,0.75,0.04,5.45,48.67,2.07,1.65,0.11,9.59,1.88,0.49,0.04,0.04,0,0,38.14,5.38,7.22,6.96,39.38,2.71,0.08,0.26,0.26,0.9,1.96,1.81,2.26,1.84,0.04,0.11,0.08,0.08,0.11,0.15,0.08,0,0.04,0.04,0,0,3.31,2.41,1.43,1.39,0.49,1.17,3.35,34.8,2.18,25.84,8.09,31.3,7.97,13.16,4.7,2.03,0.23,0,1.69,5,0.94,0.04,62.54,2.22,12.71,40.43,12.75,2.14,61,1.35,2.29,59,1.39,0.11,40.51,190.38,108.02,4.74,1.02,0.11,0.83,1.05,44.53,40.58,91.1,2.37,0.04,2.44,2.18,0,0,0,0,10.91,2.03,2.48,45,2
"71",346,"162efffd","Rodrigo De Paul","Atlético Madrid","La Liga",178,69,"Midfielder","Right","Argentina",28.4,"Rodrigo De Paul - 28.4 - Atlético Madrid",0.16,0.03,0.16,0,0,0.26,0,0.09,0.09,0.15,0.24,1.01,0.52,51.6,0.16,0.31,22.2,0.03,0.09,0.07,0.07,45.42,57.4,79.1,892.11,281.82,19.22,21.88,87.8,17.27,20.13,85.8,7.47,12.44,60.1,1.88,5.32,1.43,0.39,5.71,52.21,5.19,2.69,0.13,9.84,3.31,1.72,1.4,0.26,0.78,0.03,38.08,7.5,11.82,1.27,53.38,1.3,0.94,0.13,0.32,1.23,2.31,1.27,3.15,2.01,0.84,0.03,0.1,0.06,0.1,0.16,0.13,0.03,0,0,0,0,2.31,1.1,0.84,1.1,0.36,0.94,1.95,48.3,1.01,21.04,4.81,22.8,6.01,11.23,3.8,1.43,0.16,0,1.46,3.77,0.78,0.03,69.09,1.17,13.77,41.72,17.99,0.84,64.51,0.94,1.53,61.7,1.04,0.06,48.28,246.88,133.73,5.65,1.82,0.19,1.36,1.27,52.63,48.38,91.9,2.01,0,1.92,2.63,0.06,0,0,0,8.77,0.45,1.2,27.5,2
"72",356,"ef322658","Andrés Guardado","Betis","La Liga",172,68,"Midfielder","Left","Mexico",36.06,"Andrés Guardado - 36.06 - Betis",0.06,0.06,0.06,0,0,0.39,0,0.08,0.08,0.01,0.09,1.07,0.34,31.6,0.05,0.17,19.3,0,0.07,-0.02,-0.02,47.39,57,83.1,978.19,268.76,17.43,19.62,88.8,21.25,24.06,88.3,8.21,11.97,68.5,0.34,5.17,0.45,0,3.94,54.19,2.81,2.02,0,6.46,2.53,0.34,0.06,0,0.06,0,39.46,6.69,10.85,46.83,5.57,2.87,0.73,0.39,0.28,1.29,1.35,1.52,1.41,1.24,0.06,0,0.06,0,0.06,0.17,0.17,0,0,0,0,0,2.59,1.63,1.12,1.35,0.11,1.24,2.59,47.8,1.35,16.81,4.22,25.1,5.9,9.28,1.63,1.74,0.22,0,1.74,4.33,1.63,0,67.91,3.26,19.51,41.94,11.02,1.01,65.21,0.51,0.79,64.3,0.51,0,45.53,215.36,111.08,3.71,0.96,0.11,0.73,0.62,48.51,45.59,94,0.73,0,1.91,1.29,0,0,0.06,0,9.78,0.96,1.07,47.2,2
"73",357,"8e48dc61","Ander Guevara","Real Sociedad","La Liga",180,74,"Midfielder","Right","",25.28,"Ander Guevara - 25.28 - Real Sociedad",0.09,0,0.09,0,0,0.35,0,0.03,0.03,0.02,0.04,0.35,0.09,25,0.25,1,19.4,0,0.07,0.06,0.06,54,61.25,88.2,1023.03,216.96,20.36,22.72,89.6,26.13,28.49,91.7,6.55,8.04,81.5,0.61,3.93,0.35,0,3.23,60.12,1.14,1.14,0,9.61,0.61,0.17,0,0,0,0,48.67,6.03,6.55,11.45,44.74,3.15,0,0.09,0.09,0.87,0.96,1.49,1.14,1.05,0,0,0,0,0.09,0.09,0.09,0,0,0,0,0,2.1,1.05,0.96,1.05,0.09,0.96,2.01,47.8,1.05,16.86,5.33,31.6,6.55,8.21,2.1,1.84,0.35,0,1.14,3.23,1.66,0,69.82,3.32,19.84,44.91,9.26,0.79,68.77,0,0.09,0,0,0,45.7,232.08,131.77,4.81,0.79,0.26,0.87,0.7,51.12,49.28,96.4,2.1,0,1.75,0.35,0,0,0,0,11.36,2.27,2.8,44.8,2
"74",363,"5ce0b5ba","Asier Illarramendi","Real Sociedad","La Liga",188,76,"Midfielder","Right","Spain",32.61,"Asier Illarramendi - 32.61 - Real Sociedad",0.17,0,0.17,0,0,0.5,0,0,0,0.05,0.05,0.17,0.17,100,1,1,21.9,0,0.03,0.17,0.17,59.17,67.62,87.5,1039.56,232.87,27.18,28.67,94.8,23.37,26.35,88.7,6.63,8.95,74.1,0.83,3.81,0.33,0,4.48,64.97,2.65,2.15,0,11.11,1.49,0.33,0.17,0,0,0.17,54.53,5.14,7.96,6.8,55.52,2.15,0.33,0.66,0,0.83,0.66,1.99,1.66,1.49,0.17,0,0,0,0,0,0,0,0,0,0,0,1.82,1.49,1.16,0.5,0.17,0.33,2.15,15.4,1.82,18.07,4.48,24.8,7.29,7.96,2.82,2.32,0.33,0,2.15,3.98,3.48,0,79.06,4.31,19.23,47.73,14.75,0.5,76.57,0.66,0.99,66.7,0.66,0.17,52.04,210.66,86.35,3.48,0.66,0.33,0.66,0.99,56.69,53.37,94.2,1.33,0,2.15,0.99,0,0,0,0,11.6,2.82,1.82,60.7,2
"75",365,"2a0c8ba4","Joan Jordán","Sevilla","La Liga",184,73,"Midfielder","Right","",28.28,"Joan Jordán - 28.28 - Sevilla",0.03,0,0.03,0,0,0.33,0.03,0.04,0.04,0.06,0.1,0.64,0.06,9.5,0.05,0.5,21.3,0.12,0.06,-0.01,-0.01,55.36,63.62,87,1087.26,233.18,22.54,24.84,90.7,23.02,25.81,89.2,8.56,10.71,79.9,0.76,4.78,0.88,0.12,4.39,61.29,2.33,1.88,0.06,8.59,2.96,0.61,0.12,0,0.06,0,47.83,6.93,8.86,8.41,51.1,2.78,0.33,0.39,0.33,0.64,1.54,0.88,2.06,1.72,0.06,0.03,0.03,0.06,0.15,0.06,0.06,0,0,0,0,0,2.06,1.51,0.82,1,0.24,1.06,2.45,43.2,1.39,16.61,4.63,27.9,5.2,8.71,2.69,1.12,0.24,0,1.54,3.6,0.61,0.06,71.94,2.09,16.22,42.69,16.34,0.91,69.67,0.67,1.09,61.1,0.73,0.03,48.74,186.66,81.02,3.18,1.03,0,1.03,0.82,57.03,53.97,94.6,2.12,0.03,2.36,1.27,0.03,0,0,0,9.11,0.79,0.79,50,2
"76",367,"55126f3b","Koke","Atlético Madrid","La Liga",170,73,"Midfielder","Right","Spain",30.77,"Koke - 30.77 - Atlético Madrid",0.03,0.1,0.03,0,0,0.23,0,0.04,0.04,0.08,0.11,0.4,0.13,31.3,0.06,0.2,21.4,0,0.09,-0.01,-0.01,50.9,60.08,84.7,879.07,263.07,24.8,26.6,93.2,19.7,22.49,87.6,5.15,8.71,59.1,1.03,5.15,0.85,0.15,4.72,58.4,1.68,1.25,0.05,7.45,1.31,0.78,0.13,0,0.08,0,43.44,6.45,10.19,5.04,51.83,2.23,0.28,0.28,0.35,0.6,1.86,0.98,1.86,1.71,0.05,0,0,0.08,0.03,0.2,0.2,0,0,0,0,0,1.86,1.13,0.68,1.05,0.13,0.75,2.16,34.9,1.41,15.61,4.94,31.7,5.07,8.08,2.46,1.23,0.25,0,0.88,2.74,1.13,0,67.91,2.28,15.64,41.64,13.83,1.13,66.38,0.35,0.7,50,0.38,0,45.73,159.27,83.27,3.09,0.83,0.03,0.55,0.75,55.74,51.88,93.1,1.76,0,1.15,1.36,0,0,0,0,8.18,0.55,1.03,34.9,2
"77",371,"88050721","Unai López","Rayo Vallecano","La Liga",169,63,"Midfielder","Right","Spain",26.97,"Unai López - 26.97 - Rayo Vallecano",0.07,0.07,0.07,0,0,0.27,0,0.1,0.1,0.12,0.22,1.62,0.67,41.7,0.04,0.1,21.8,0.34,0.06,-0.03,-0.03,52.62,64.09,82.1,1148.34,275.46,20.31,21.79,93.2,19.97,22.33,89.4,11.27,17.54,64.2,1.48,6.14,0.81,0.13,4.72,57.55,6.54,2.7,0,5.8,5.33,0.94,3.1,1.28,1.08,0.27,42.3,7.42,14.37,3.78,56.94,2.56,0.2,0.27,0.34,1.69,1.28,1.08,2.97,2.09,0.47,0.13,0.07,0.13,0.07,0.2,0.2,0,0,0,0,0,2.02,1.48,0.54,1.15,0.34,0.47,1.75,26.9,1.28,15.58,4.99,32,4.05,7.89,3.64,1.15,0.07,0,1.62,3.64,0.88,0,75.22,1.62,11.6,46.82,20.98,1.55,68.68,0.81,1.75,46.2,0.88,0.2,48.04,198.01,91.75,3.51,1.15,0.2,1.08,1.42,56.33,52.96,94,2.7,0,2.29,1.48,0.13,0,0,0,8.7,0.4,1.48,21.4,2
"78",378,"d080ed5e","Mikel Merino","Real Sociedad","La Liga",188,78,"Midfielder","Left","Spain",26.32,"Mikel Merino - 26.32 - Real Sociedad",0.08,0.16,0.08,0,0.03,0.28,0,0.17,0.15,0.13,0.28,1.42,0.39,27.3,0.05,0.2,13.7,0,0.11,-0.09,-0.07,41.48,53.9,77,713.25,233.33,20.46,24.54,83.4,15.59,18.85,82.7,4.47,7.84,57.1,1.06,4.73,1.16,0.13,5.02,52.91,0.98,0.8,0.18,12.31,1.09,0.65,0.08,0.05,0.03,0,39.49,5.95,8.46,43.27,5.66,2.07,0.08,0.18,0.18,1.01,1.97,1.66,2.2,1.73,0,0.08,0.13,0.16,0.1,0.41,0.26,0,0,0.08,0.05,0.03,2.28,1.42,0.83,1.11,0.34,0.75,2.15,34.9,1.4,17.87,5.51,30.8,4.68,9.47,3.72,2.12,0.47,0,1.53,3.8,2.04,0.08,67.19,3.44,14.95,38.66,16.81,2.84,66.39,0.52,0.83,62.5,0.54,0,45.16,161.43,72,2.97,1.09,0.26,1.22,1.63,50.59,46.14,91.2,3.26,0,2.3,2.09,0.1,0.05,0.03,0,10.66,3.52,2.04,63.3,2
"79",391,"89f951b5","Ivan Rakitić","Sevilla","La Liga",184,78,"Midfielder","Right","Croatia",34.6,"Ivan Rakitić - 34.6 - Sevilla",0.16,0.26,0.1,0.07,0.1,0.1,0,0.18,0.1,0.11,0.22,1.43,0.39,27.3,0.07,0.25,21.2,0.2,0.07,-0.02,-0.01,55.17,66.33,83.2,1123.04,283.3,21.36,23.67,90.2,23.71,26.67,88.9,9.16,13.34,68.7,1.66,5.25,0.82,0.2,4.73,60.29,6.03,3.39,0.13,7.3,4.01,1.5,1.96,0.1,1.47,0.1,45.85,6.88,13.6,7.83,53.93,2.48,0.68,0.29,0.2,1.27,1.66,1.37,2.93,1.63,0.88,0,0.23,0.1,0.1,0.39,0.2,0.16,0,0.03,0,0,1.66,1.08,0.39,1.04,0.23,0.65,1.57,41.7,0.91,14.87,4.47,30,3.2,7.83,3.85,1.66,0.29,0,1.37,3.03,1.24,0.03,76.3,2.35,17.12,43.6,19.11,1.24,70.57,0.23,0.82,28,0.29,0.03,48.2,189.42,90.23,3.98,1.08,0.1,0.95,0.72,58.5,54.16,92.6,2.9,0,1.47,1.6,0,0,0,0,9.16,1.4,1.53,47.8,2
"80",399,"34269bdf","Renato Tapia","Celta Vigo","La Liga",185,78,"Midfielder","Right","Peru",27.22,"Renato Tapia - 27.22 - Celta Vigo",0,0,0,0,0,0.61,0,0.03,0.03,0.03,0.06,0.75,0.27,36.4,0,0,24.5,0,0.04,-0.03,-0.03,44.8,54.23,82.6,912.49,219.64,16.29,18.67,87.3,19.21,21.58,89,8.08,11.67,69.2,0.48,4.41,0.48,0,3.94,51.11,3.12,2.65,0.07,8.42,2.24,0.41,0.07,0.07,0,0,36.04,6.31,11.88,8.01,39.43,4,0.2,0.14,0.2,1.15,1.43,1.7,1.02,0.75,0.2,0,0,0,0.07,0,0,0,0,0,0,0,3.46,2.38,1.22,2.04,0.2,0.75,2.44,30.6,1.7,20.91,6.24,29.9,6.86,12.08,1.97,2.65,0.95,0,1.76,5.23,2.31,0.07,66.52,3.73,19.41,42.96,7.47,0.68,64,0.34,0.81,41.7,0.41,0.07,37.94,158.69,74.32,2.85,0.88,0,0.34,0.75,41.33,39.64,95.9,0.41,0,2.31,2.24,0,0,0.07,0,12.22,3.05,1.76,63.4,2
"81",400,"4f255115","Aurélien Tchouaméni","Real Madrid","La Liga",185,74,"Midfielder","Right","France",22.72,"Aurélien Tchouaméni - 22.72 - Real Madrid",0.05,0.1,0.05,0,0,0.2,0.03,0.07,0.07,0.06,0.13,1.53,0.28,18,0.03,0.18,20.5,0,0.05,-0.02,-0.02,57.59,65.92,87.4,1139.94,295.63,21.41,23.66,90.5,26.96,30.06,89.7,8.63,10.7,80.6,0.65,5.6,0.9,0.13,5.7,64.39,1.53,1.43,0.2,9.53,1.63,0.65,0,0,0,0,53.09,5.25,7.58,6,55.12,2.73,0.08,0.15,0.15,0.65,1.63,0.98,2.03,1.6,0,0.15,0.08,0.08,0.13,0.33,0.33,0,0,0,0,0,2.5,1.8,1.18,1.1,0.23,0.7,1.88,37.3,1.18,17.78,6.28,35.3,5.58,9.63,2.58,1.33,0.35,0,3.35,5.85,1.35,0,77.32,2.93,19.28,50.11,13.28,1.38,76.32,0.9,1.28,70.6,0.95,0.03,52.19,288.96,135.99,5.1,1.2,0.1,0.63,1.28,58.44,55.32,94.7,1.55,0.03,1.63,1.83,0.05,0,0.03,0,10.78,2.58,1.2,68.2,2
"82",405,"b0fce72c","Mikel Vesga","Athletic Club","La Liga",191,86,"Midfielder","Left","",29.41,"Mikel Vesga - 29.41 - Athletic Club",0.2,0.05,0.15,0.05,0.05,0.35,0.1,0.11,0.07,0.06,0.12,1.1,0.2,18.2,0.14,0.75,20.2,0,0.06,0.1,0.09,41.62,52.85,78.7,810.15,248.84,16.7,19.91,83.9,17.4,21.11,82.4,6.62,9.88,67,0.8,5.57,0.95,0.25,6.37,52.4,0.45,0.45,0,9.88,2.16,0.65,0,0,0,0,35.5,5.97,11.38,36.7,10.48,3.06,0,0.5,0.3,0.95,2.06,1.1,1.91,1.75,0,0,0.1,0.05,0,0.15,0.1,0,0,0,0.05,0,2.11,1.5,0.45,1.4,0.25,0.75,2.11,35.7,1.35,16.14,5.06,31.4,4.46,9.23,2.46,1.5,0.4,0,1.86,3.96,2.36,0.05,64.48,2.86,13.04,41.52,12.79,0.9,64.08,0.4,0.65,61.5,0.4,0,39.21,173.18,89.9,3.61,0.7,0.05,1.1,0.9,43.57,41.77,95.9,1.15,0.1,2.36,1.2,0,0.05,0.05,0,12.99,3.06,1.65,64.9,2
"83",406,"5dfc6ad5","Axel Witsel","Atlético Madrid","La Liga",186,81,"Midfielder","Right","Belgium",33.76,"Axel Witsel - 33.76 - Atlético Madrid",0.07,0.03,0.07,0,0,0.16,0,0.03,0.03,0.05,0.08,0.33,0.07,20,0.2,1,19.2,0,0.09,0.04,0.04,53.87,57.53,93.6,970.09,232.22,23.18,24.59,94.2,24.63,25.71,95.8,5.27,6.03,87.4,0.33,3.4,0.13,0,2.51,55.32,2.21,1.98,0.03,6.26,0.96,0.03,0,0,0,0,50.18,3.03,4.32,4.22,49.42,2.27,0.23,0.33,0,0.33,0.96,0.89,0.99,0.82,0.03,0,0.03,0.07,0.03,0.07,0.03,0,0,0.03,0,0,1.98,1.29,0.92,0.79,0.26,0.46,1.15,40,0.69,11.18,3.76,33.6,4.22,5.67,1.29,1.62,0.73,0,1.52,3.49,2.14,0,65.9,5.04,22.15,40.75,6.16,0.66,63.89,0.2,0.4,50,0.26,0,43.75,196.02,76.71,2.8,0.53,0.07,0.36,0.56,49.02,46.65,95.2,0.66,0,1.15,0.96,0.03,0,0.03,0,9.07,1.55,1.05,59.5,2
